kabupaten,tahun,A_Pertanian_KP,B_Pertambangan,C_Industri_Pengolahan,D_Pengadaan_LG,E_Pengadaan_Air_dll,F_Konstruksi,G_Perdagangan_Besar_dll,H_Transportasi,I_Penyediaan_AkMamin,J_Infokom,K_Jasa_Keuangan,L_Real_Estate,M_N_Jasa_Perusahaan,O_Administrasi_Pem,P_Jasa_Pendidikan,Q_Jasa_KesSos,R_S_T_U_Jasa_Lain,PDRB,ipm,miskin,pertumbuhan,gini,unemploy,pop_ribujiwa,pdrb_perkap,pct_formal,pend_miskin,Pertumbuhan_Inklusif,Kategori_Inklusif
Bantaeng,2010,1040.57,56.85,100.69,3.3,2.24,401.69,354.45,31.35,15.34,61.19,52.8,132.04,3.85,203.89,150.44,49.87,35.73,2696.3,62.46,10.24,8.32,0.46,5.51,176.7,15.21,68.45,18.1,0.4835,CUKUP INKLUSIF
Bantaeng,2011,1131.29,63.67,107.6,3.56,2.56,436.48,387.17,33.99,17.78,70.56,62.38,144.42,4.14,223.18,168.47,53.05,39.01,2949.29,63.07,9.21,9.38,0.46,5.54,178.6,18.18,59.24,16.5,0.5063,CUKUP INKLUSIF
Bantaeng,2012,1160.56,72.83,132.13,4.11,3.02,477.9,450.41,38.58,20.77,86.6,75.03,168.51,4.51,231.16,200.8,65.37,42.17,3234.46,63.99,8.9,9.67,0.46,7.02,179.8,21.28,54.64,16.0,0.5208,CUKUP INKLUSIF
Bantaeng,2013,1223.73,80.12,155.32,4.41,3.1,530.47,507.35,41.78,24.54,97.99,82.06,183.68,4.8,241.28,215.27,81.01,48.72,3525.61,64.88,10.45,9.0,0.46,6.44,181.01,24.03,50.04,18.9,0.5204,CUKUP INKLUSIF
Bantaeng,2014,1302.07,90.38,182.07,4.9,3.33,576.72,564.15,45.59,29.75,103.32,88.11,208.92,5.02,248.55,222.02,90.52,53.87,3819.28,65.77,9.68,8.33,0.46,2.4,182.28,27.23,45.44,17.7,0.52,CUKUP INKLUSIF
Bantaeng,2015,1307.02,116.97,196.86,5.4,3.37,600.44,657.08,53.95,33.15,113.31,93.16,231.45,5.34,258.17,232.02,105.95,59.44,4073.06,66.2,9.53,6.64,0.44,4.07,183.24,30.42,40.83,17.55,0.5136,CUKUP INKLUSIF
Bantaeng,2016,1411.06,130.11,205.94,5.97,3.79,643.74,693.87,54.91,34.43,126.99,105.68,240.25,5.64,290.87,253.0,106.51,61.46,4374.21,66.59,9.51,7.39,0.38,4.07,184.46,34.13,36.23,17.53,0.5732,CUKUP INKLUSIF
Bantaeng,2017,1489.99,143.98,218.79,6.3,4.03,713.15,761.09,56.19,38.36,137.29,109.36,247.45,6.0,306.93,278.46,110.11,66.69,4694.16,67.27,9.66,7.31,0.42,5.23,185.52,37.41,34.56,17.91,0.5502,CUKUP INKLUSIF
Bantaeng,2018,1565.71,158.27,258.13,6.75,4.27,777.82,836.71,61.81,42.66,150.84,115.17,259.58,6.61,338.91,296.55,120.52,75.54,5075.84,67.76,9.23,8.13,0.34,3.69,186.53,41.63,31.63,17.2,0.6266,CUKUP INKLUSIF
Bantaeng,2019,1636.81,166.15,435.86,10.1,4.52,840.11,926.04,67.03,46.15,165.74,120.59,278.39,7.05,380.71,323.51,130.28,82.46,5621.52,68.3,9.03,10.75,0.34,3.65,187.47,46.84,30.09,16.91,0.6723,INKLUSIF
Bantaeng,2020,1635.81,176.8,394.44,9.86,4.69,842.01,903.81,64.22,48.49,195.06,130.34,297.23,6.82,377.52,335.83,152.4,75.19,5650.54,68.73,8.95,0.52,0.34,4.27,196.72,45.68,22.4,16.84,0.5215,CUKUP INKLUSIF
Bantaeng,2021,1707.17,187.79,567.07,16.69,4.69,934.93,970.09,68.58,50.78,207.75,138.37,311.85,7.08,380.65,351.58,164.39,82.0,6151.45,68.99,9.41,8.86,0.33,4.07,198.5,50.79,24.23,17.78,0.6585,CUKUP INKLUSIF
Bantaeng,2022,1713.14,196.43,1263.92,38.02,4.89,977.98,1062.62,77.4,58.37,222.4,140.46,326.24,7.92,378.84,366.68,177.22,89.51,7102.04,69.69,9.07,15.45,0.32,2.72,200.84,60.57,31.06,17.22,0.7736,INKLUSIF
Bantaeng,2023,1673.29,224.18,1465.04,46.45,5.18,1044.72,1115.63,83.85,59.91,219.96,137.08,351.02,8.56,377.23,398.93,193.54,92.09,7496.65,70.57,9.18,5.56,0.34,3.71,203.14,62.78,27.09,17.49,0.6183,CUKUP INKLUSIF
Bantaeng,2024,1723.44,232.09,1487.94,43.03,5.29,1058.62,1197.85,89.86,64.79,235.33,143.14,374.51,9.0,414.16,438.56,201.71,104.17,7823.49,71.48,8.26,4.36,0.25,2.57,205.42,65.48,28.13,15.8,0.6759,INKLUSIF
Bantaeng,2025,1843.76,240.33,1256.34,26.94,5.45,1119.57,1288.53,99.36,72.57,263.49,157.43,411.29,9.72,413.55,479.8,220.43,115.05,8023.6,73.12,7.68,2.56,0.27,3.74,207.7,68.61,31.89,14.74,0.6519,CUKUP INKLUSIF
Barru,2010,1004.39,60.65,145.1,3.13,2.96,367.4,216.09,56.35,26.1,99.88,58.93,90.23,0.8,232.96,109.73,69.1,16.56,2560.34,64.94,10.68,6.06,0.38,8.94,165.98,15.38,58.13,17.7,0.5349,CUKUP INKLUSIF
Barru,2011,1082.53,66.84,157.14,3.42,3.42,394.07,234.68,61.16,27.25,116.55,67.94,97.34,0.82,246.28,117.19,74.1,17.78,2768.52,65.73,9.59,8.13,0.38,5.75,167.51,17.4,33.05,16.1,0.575,CUKUP INKLUSIF
Barru,2012,1134.96,83.67,168.23,3.88,3.53,441.05,265.05,67.18,28.79,140.47,78.84,103.29,0.85,257.74,124.51,79.82,18.86,3000.72,66.07,9.28,8.39,0.37,4.78,168.4,19.97,23.94,15.7,0.59,CUKUP INKLUSIF
Barru,2013,1194.9,96.2,182.32,4.21,3.74,487.49,291.62,72.21,30.19,169.07,85.49,110.1,0.88,272.16,131.08,86.03,19.33,3237.0,67.02,10.32,7.87,0.37,4.51,169.3,22.64,19.92,17.5,0.5925,CUKUP INKLUSIF
Barru,2014,1305.89,105.94,190.83,4.71,3.75,507.4,325.13,79.48,32.5,178.39,91.81,115.24,0.91,279.46,141.53,89.53,22.28,3474.78,67.94,9.74,7.35,0.37,2.3,170.32,26.03,8.84,16.6,0.5947,CUKUP INKLUSIF
Barru,2015,1368.22,115.48,200.42,4.68,3.76,537.84,357.57,85.2,34.99,193.05,99.66,125.61,0.93,297.07,152.31,93.06,24.38,3694.24,68.64,9.42,6.32,0.38,7.68,171.14,28.87,26.6,16.1,0.5794,CUKUP INKLUSIF
Barru,2016,1436.85,119.73,212.67,5.4,4.05,580.17,389.85,91.69,36.61,211.94,115.17,135.71,0.96,293.58,158.64,98.15,25.17,3916.34,69.07,9.45,6.01,0.36,7.68,171.98,31.75,24.19,16.24,0.5941,CUKUP INKLUSIF
Barru,2017,1501.21,125.04,222.58,5.7,4.28,648.67,422.9,98.83,39.17,232.78,117.76,145.36,1.04,309.79,165.05,102.55,27.29,27.29,69.56,9.71,6.48,0.39,5.6,172.69,34.51,16.23,16.76,0.5846,CUKUP INKLUSIF
Barru,2018,1581.31,130.68,232.09,6.1,4.62,714.3,460.26,111.5,43.31,255.89,120.72,153.34,1.14,338.93,173.78,108.28,30.29,4466.54,70.05,9.04,7.11,0.38,5.38,173.36,38.09,36.34,15.68,0.6069,CUKUP INKLUSIF
Barru,2019,1652.72,138.15,253.7,6.39,5.1,785.01,505.36,126.16,48.28,281.43,124.64,155.83,1.25,375.96,186.48,117.3,33.68,4797.43,70.6,8.57,7.41,0.36,5.39,173.97,41.8,46.07,14.92,0.6321,CUKUP INKLUSIF
Barru,2020,1662.67,139.11,247.14,6.8,5.79,792.83,497.56,112.19,48.24,313.08,127.94,160.0,1.18,371.71,195.61,125.65,31.6,4839.12,71.0,8.26,0.87,0.36,6.39,184.45,40.36,43.1,14.44,0.5371,CUKUP INKLUSIF
Barru,2021,1751.02,144.1,259.09,7.28,6.08,825.6,524.82,121.03,50.57,332.02,136.88,163.82,1.24,376.89,200.9,134.24,34.41,5069.99,71.13,8.68,4.77,0.36,6.74,185.38,43.46,42.87,15.18,0.5978,CUKUP INKLUSIF
Barru,2022,1829.94,148.21,282.11,7.41,6.69,846.17,558.81,139.15,58.43,354.82,138.06,172.78,1.44,395.4,207.27,145.4,37.22,5329.31,71.53,8.4,5.11,0.37,5.32,186.68,47.56,43.43,14.73,0.6001,CUKUP INKLUSIF
Barru,2023,1843.85,158.11,289.19,8.67,6.98,897.62,586.68,149.72,63.59,385.96,133.49,185.31,1.56,395.14,212.33,157.12,40.93,5516.25,72.36,8.46,3.51,0.37,5.89,187.95,49.97,45.46,14.88,0.5848,CUKUP INKLUSIF
Barru,2024,1924.07,164.81,302.01,8.51,7.1,926.92,622.41,158.91,67.45,410.45,134.4,196.49,1.67,412.99,226.57,176.25,47.34,5788.38,73.06,8.31,4.93,0.31,6.42,189.21,52.27,49.95,14.64,0.658,CUKUP INKLUSIF
Barru,2025,2101.56,163.93,321.13,8.73,7.28,955.74,636.14,163.6,67.27,422.22,138.82,207.83,1.76,428.65,231.66,178.5,52.08,6086.9,75.41,8.0,5.16,0.35,5.07,190.5,56.39,44.81,14.13,0.658,CUKUP INKLUSIF
Bone,2010,5369.97,256.48,773.33,12.26,5.89,1080.19,1324.66,273.41,61.39,214.2,283.75,381.51,7.41,622.82,267.79,83.61,37.25,11055.9,59.69,14.08,7.61,0.4,6.64,717.68,15.36,28.5,101.1,0.4862,CUKUP INKLUSIF
Bone,2011,5605.31,278.21,839.19,13.15,6.5,1167.6,416.22,1428.79,297.08,66.57,231.53,318.71,8.04,657.74,295.46,93.41,40.29,11763.8,60.21,12.67,6.4,0.39,5.98,724.92,17.7,28.5,92.1,0.4809,CUKUP INKLUSIF
Bone,2012,5953.03,318.74,904.07,16.59,6.72,1281.68,457.41,1603.57,319.41,72.25,265.01,367.06,8.73,667.58,325.77,118.68,43.81,12730.12,60.77,12.25,8.21,0.39,3.51,729.52,20.33,28.5,89.5,0.5145,CUKUP INKLUSIF
Bone,2013,6200.48,352.96,968.56,16.8,7.05,1408.36,482.65,1732.89,343.47,79.75,294.9,406.32,9.4,684.24,357.22,140.16,46.64,13531.85,61.4,11.92,6.3,0.39,3.8,734.12,22.79,28.5,87.7,0.4924,CUKUP INKLUSIF
Bone,2014,7025.79,403.6,1047.18,20.56,7.05,1435.94,519.07,1883.11,374.86,85.16,303.91,429.13,10.0,697.33,375.49,153.46,49.74,14821.38,62.09,10.88,9.53,0.4,5.0,738.51,26.9,28.5,80.5,0.5417,CUKUP INKLUSIF
Bone,2015,7654.0,458.87,1123.61,19.8,7.08,1550.59,557.38,2000.49,401.17,88.62,335.64,462.26,10.66,762.83,399.96,165.21,53.7,16051.87,63.11,10.12,8.3,0.39,4.36,742.53,31.36,28.5,75.01,0.5415,CUKUP INKLUSIF
Bone,2016,8454.42,507.05,1225.64,22.59,7.41,1661.7,571.17,2213.68,413.91,94.56,372.03,522.87,11.42,754.19,429.19,177.88,58.48,17498.18,63.86,10.07,9.01,0.39,4.36,745.86,35.15,28.5,75.09,0.5606,CUKUP INKLUSIF
Bone,2017,9164.71,563.0,1315.92,23.89,7.79,1815.31,598.21,2436.76,442.96,105.76,410.73,550.05,12.33,793.69,470.4,194.12,64.92,18970.53,64.16,10.28,8.41,0.39,4.55,748.71,39.04,28.5,77.13,0.5547,CUKUP INKLUSIF
Bone,2018,9972.95,624.83,1347.7,25.41,8.46,1968.53,626.06,2726.07,493.69,119.38,459.37,585.16,13.54,885.47,517.06,213.08,73.29,20660.07,65.04,10.55,8.91,0.41,2.82,751.32,43.87,30.16,79.57,0.5574,CUKUP INKLUSIF
Bone,2019,10305.18,682.79,1571.69,26.45,9.04,2157.57,664.39,2992.5,550.42,130.02,502.21,602.64,14.98,1027.01,556.41,234.3,80.44,22108.04,65.67,10.06,7.01,0.37,3.01,753.69,47.81,29.82,76.25,0.5647,CUKUP INKLUSIF
Bone,2020,10207.02,695.39,1541.61,27.87,9.79,2201.28,698.26,2905.24,482.2,117.28,560.59,618.2,13.68,1024.89,613.88,263.9,72.67,22053.74,66.06,10.68,-0.25,0.4,3.2,801.77,45.68,25.73,81.33,0.4367,CUKUP INKLUSIF
Bone,2021,10965.84,703.06,1625.18,32.28,10.02,2321.68,705.14,2966.12,505.48,120.72,596.1,660.59,14.05,1069.51,623.54,277.57,76.98,23273.87,66.4,10.52,5.53,0.38,4.15,808.94,48.67,27.22,79.64,0.5429,CUKUP INKLUSIF
Bone,2022,11524.54,720.06,1752.2,36.95,10.42,2462.22,717.67,3098.14,547.62,131.32,679.44,676.66,15.28,1120.18,618.44,289.56,91.01,24491.73,67.01,10.58,5.23,0.38,2.27,816.01,53.48,27.84,80.34,0.545,CUKUP INKLUSIF
Bone,2023,11837.18,739.52,1833.03,39.16,10.07,2535.64,785.36,3243.78,610.43,141.71,707.14,679.21,18.53,1126.94,698.48,294.12,115.72,25416.03,67.81,10.53,3.77,0.39,2.88,823.08,57.02,29.15,80.12,0.5243,CUKUP INKLUSIF
Bone,2024,12569.58,742.05,1923.86,40.66,10.02,2587.96,830.12,3439.02,652.07,147.65,730.19,717.64,19.33,1204.07,758.7,321.1,131.36,26825.37,68.36,9.58,5.56,0.39,2.28,830.12,60.26,28.42,73.03,0.5575,CUKUP INKLUSIF
Bone,2025,13499.54,739.3,2082.15,41.09,10.16,2660.52,3628.19,694.51,157.36,762.4,782.08,868.28,20.29,1227.76,787.68,340.07,146.01,28447.38,71.63,9.13,6.03,0.39,2.75,837.1,64.76,34.97,69.73,0.6005,CUKUP INKLUSIF
Bulukumba,2010,2217.61,61.52,338.72,7.47,1.44,397.09,636.13,93.5,20.24,116.52,133.31,153.8,0.66,357.14,129.02,46.05,30.43,4740.63,62.73,9.02,5.71,0.55,7.45,394.56,11.98,46.38,35.6,0.3809,CUKUP INKLUSIF
Bulukumba,2011,2270.4,69.34,362.26,8.36,1.64,420.18,675.96,101.34,23.34,130.23,156.69,168.1,0.72,385.38,142.82,49.99,34.02,5000.76,63.36,8.12,5.49,0.52,5.46,399.0,13.3,45.87,32.4,0.4065,CUKUP INKLUSIF
Bulukumba,2012,2468.52,82.14,390.96,9.58,2.02,465.27,751.55,113.06,26.74,148.43,180.81,192.05,0.83,393.79,164.26,55.11,38.12,5483.24,63.82,7.83,9.65,0.49,2.71,401.9,15.53,46.07,31.5,0.4967,CUKUP INKLUSIF
Bulukumba,2013,2603.17,87.42,418.43,10.21,2.38,502.38,831.68,121.08,30.45,194.03,193.61,225.54,0.96,410.77,176.58,59.31,41.28,5909.29,64.27,9.04,7.77,0.46,4.16,404.9,17.75,29.82,36.7,0.495,CUKUP INKLUSIF
Bulukumba,2014,2871.18,104.22,435.15,10.97,2.82,519.94,909.73,133.58,33.5,223.67,207.88,249.87,1.2,419.99,181.08,64.69,44.23,6413.7,65.24,8.37,8.54,0.42,2.8,407.77,20.54,33.47,34.2,0.5466,CUKUP INKLUSIF
Bulukumba,2015,2916.53,121.46,470.35,11.46,2.83,565.18,991.35,142.98,37.54,241.4,225.56,281.34,1.28,449.7,196.21,70.73,48.41,6774.32,65.58,8.15,5.62,0.39,3.0,410.24,23.31,27.95,33.36,0.5279,CUKUP INKLUSIF
Bulukumba,2016,3041.37,139.55,495.89,12.96,2.95,614.38,1099.11,152.2,42.58,265.24,255.51,320.27,1.35,447.55,212.61,76.75,52.59,7232.84,66.46,8.06,6.77,0.38,3.0,412.68,26.06,37.39,33.25,0.5624,CUKUP INKLUSIF
Bulukumba,2017,3203.65,157.74,511.17,13.7,3.08,671.64,1197.5,165.81,47.87,290.11,263.32,360.44,1.48,469.04,232.9,83.7,57.75,7730.91,67.08,7.97,6.89,0.32,3.73,414.79,29.03,36.96,33.1,0.6149,CUKUP INKLUSIF
Bulukumba,2018,3205.54,178.0,531.4,14.65,3.28,736.06,1313.97,181.5,55.91,317.01,277.46,385.26,1.63,508.42,254.14,91.79,65.32,8121.33,67.7,7.48,5.05,0.35,3.62,416.77,31.55,23.7,31.25,0.5718,CUKUP INKLUSIF
Bulukumba,2019,3273.77,183.59,593.9,15.71,3.33,760.12,1444.43,199.06,58.83,341.29,304.23,393.67,1.8,561.04,262.55,97.03,73.1,8567.46,68.28,7.26,5.49,0.38,3.06,418.63,33.96,28.74,30.49,0.5629,CUKUP INKLUSIF
Bulukumba,2020,3237.17,187.42,572.55,16.3,3.5,798.97,1426.38,170.37,57.66,381.98,331.6,397.74,1.72,558.61,286.88,103.15,72.22,8604.2,68.99,7.1,0.43,0.37,3.42,437.61,33.34,23.73,30.0,0.5011,CUKUP INKLUSIF
Bulukumba,2021,3355.17,193.16,605.31,17.75,3.5,839.87,1519.22,180.51,61.05,398.86,356.59,410.78,1.84,582.95,298.7,109.74,78.58,9013.58,69.62,7.43,4.76,0.36,3.14,441.2,35.97,30.1,31.31,0.5811,CUKUP INKLUSIF
Bulukumba,2022,3375.52,188.7,656.24,20.0,3.84,899.64,1600.79,198.87,73.25,425.95,384.41,436.21,1.78,580.57,298.13,120.79,92.43,9357.11,70.34,7.39,3.81,0.36,1.26,445.82,38.66,26.43,31.29,0.5746,CUKUP INKLUSIF
Bulukumba,2023,3411.73,202.23,689.67,22.11,3.92,996.53,1668.81,209.95,78.86,447.97,414.72,457.93,1.93,593.59,308.69,129.58,103.19,9741.4,71.21,7.22,4.11,0.38,1.31,450.33,41.9,30.48,30.65,0.574,CUKUP INKLUSIF
Bulukumba,2024,3562.91,204.05,714.57,23.49,4.13,1009.49,1769.39,221.14,85.09,473.45,446.24,482.06,2.04,607.77,325.99,139.93,118.07,10189.82,71.97,6.71,4.6,0.33,2.23,454.72,44.48,36.48,28.6,0.6264,CUKUP INKLUSIF
Bulukumba,2025,3680.22,212.51,754.96,22.75,4.2,1052.96,1862.16,226.41,94.03,495.93,480.53,517.55,2.19,610.17,344.04,148.88,132.58,10642.08,75.26,6.06,4.44,0.32,2.12,459.0,47.11,31.02,25.88,0.6674,INKLUSIF
Enrekang,2010,1145.53,68.4,165.19,3.25,2.4,355.83,237.37,24.86,21.54,94.61,57.77,64.15,0.59,245.68,56.27,48.7,12.98,2605.14,66.27,16.84,5.78,0.44,4.12,190.25,13.64,12.11,32.1,0.5013,CUKUP INKLUSIF
Enrekang,2011,1210.78,73.7,197.79,3.68,3.37,384.59,263.92,27.39,22.77,105.34,66.38,71.78,0.71,256.15,60.39,52.63,14.19,2815.55,67.03,15.18,8.08,0.44,6.66,192.82,15.81,13.14,29.2,0.5446,CUKUP INKLUSIF
Enrekang,2012,1243.93,89.56,224.15,4.23,3.6,417.13,307.17,29.05,23.51,123.59,76.04,79.98,0.82,260.6,65.64,56.92,15.29,3021.2,67.74,14.45,7.3,0.43,3.05,194.61,17.77,14.17,28.2,0.5479,CUKUP INKLUSIF
Enrekang,2013,1285.9,99.89,243.96,4.79,3.88,450.83,327.81,30.72,24.36,142.16,83.28,86.99,0.87,263.79,70.1,61.84,16.32,3197.5,68.39,15.11,5.84,0.43,1.61,196.39,20.98,15.2,29.7,0.5328,CUKUP INKLUSIF
Enrekang,2014,1386.57,108.03,257.81,5.4,3.89,469.35,345.53,32.02,26.86,143.86,89.22,94.14,0.91,269.42,71.52,66.91,17.69,3389.15,69.37,13.9,5.99,0.42,1.4,198.19,23.37,16.23,27.6,0.5532,CUKUP INKLUSIF
Enrekang,2015,1487.48,115.62,260.08,5.3,3.83,508.94,369.98,34.93,28.32,156.05,95.88,101.99,0.97,287.1,74.12,72.99,19.13,3622.71,70.03,13.82,6.91,0.4,1.33,199.87,26.2,17.27,27.6,0.589,CUKUP INKLUSIF
Enrekang,2016,1605.28,127.88,279.38,5.82,4.14,546.55,409.38,38.36,30.36,172.61,108.77,108.87,1.0,285.69,79.12,77.21,19.18,3899.59,70.79,13.41,7.63,0.39,1.33,201.84,29.22,18.3,26.98,0.6156,CUKUP INKLUSIF
Enrekang,2017,1698.23,138.32,300.02,6.16,4.45,590.71,442.73,41.66,33.28,188.28,112.57,116.92,1.08,302.83,84.55,83.53,21.09,4166.4,71.44,13.16,6.84,0.37,1.87,203.57,31.28,19.33,26.71,0.6254,CUKUP INKLUSIF
Enrekang,2018,1642.78,151.5,320.54,6.56,4.92,637.41,471.53,47.09,36.55,206.99,119.18,122.99,1.2,325.15,91.94,91.87,23.86,4302.05,72.15,12.49,3.26,0.39,1.66,205.25,32.81,18.57,25.53,0.5641,CUKUP INKLUSIF
Enrekang,2019,1726.32,152.12,374.0,6.83,5.08,665.2,487.24,48.57,39.69,215.77,122.83,129.66,1.32,337.42,98.2,99.08,26.23,4535.55,72.66,12.33,5.43,0.36,2.15,206.88,35.28,23.7,25.4,0.6246,CUKUP INKLUSIF
Enrekang,2020,1729.39,154.6,365.27,7.25,5.53,677.35,493.12,45.78,38.54,240.03,123.85,136.52,1.3,337.83,103.44,106.56,25.86,4592.23,72.76,12.17,1.25,0.37,2.44,225.17,33.54,24.13,25.25,0.5549,CUKUP INKLUSIF
Enrekang,2021,1906.33,157.59,379.82,7.73,5.88,698.85,519.06,49.46,38.91,267.15,129.37,141.91,1.33,331.13,108.58,113.18,28.1,4884.37,72.91,12.47,6.36,0.36,2.34,227.69,36.03,22.79,26.13,0.6415,CUKUP INKLUSIF
Enrekang,2022,1922.35,162.71,422.68,7.84,6.19,713.83,545.08,55.5,43.97,277.08,134.58,147.46,1.53,358.0,112.73,122.16,31.7,5065.36,73.39,12.39,3.71,0.35,0.58,231.12,39.05,23.38,26.15,0.6138,CUKUP INKLUSIF
Enrekang,2023,1943.82,169.87,433.04,8.41,6.5,734.9,562.61,59.26,46.79,289.97,141.19,151.96,1.62,348.5,119.22,130.69,35.06,5183.42,73.89,12.69,2.33,0.37,1.53,234.57,41.15,23.09,26.97,0.5837,CUKUP INKLUSIF
Enrekang,2024,2057.54,174.12,458.44,8.71,6.62,724.34,588.73,61.86,48.74,301.22,146.28,156.51,1.64,377.42,130.87,141.83,38.83,5423.7,74.61,11.25,4.64,0.34,1.51,238.1,44.01,27.57,24.06,0.6487,CUKUP INKLUSIF
Enrekang,2025,2183.69,178.68,502.83,9.09,6.91,705.88,622.28,64.9,53.24,318.04,156.21,163.27,1.73,383.66,135.31,148.4,42.99,5677.13,76.5,10.73,4.67,0.36,1.78,241.7,46.93,28.55,23.09,0.6552,CUKUP INKLUSIF
Gowa,2010,2594.77,165.56,485.84,11.93,11.22,628.17,749.13,98.09,170.52,620.99,137.09,380.27,8.28,501.08,341.35,126.84,101.35,7132.48,63.83,9.49,6.87,0.43,7.75,652.94,10.89,29.44,62.1,0.4984,CUKUP INKLUSIF
Gowa,2011,2721.49,183.46,516.61,12.42,12.82,690.7,815.85,108.57,182.39,685.46,166.55,424.81,9.08,522.04,367.52,136.52,108.24,7664.51,64.42,8.55,7.46,0.42,7.05,668.88,12.31,30.24,56.6,0.5212,CUKUP INKLUSIF
Gowa,2012,2826.59,212.39,547.47,14.64,13.09,757.79,924.97,119.61,195.83,783.87,196.9,493.64,9.92,529.89,397.58,147.76,117.18,8289.11,64.65,8.06,8.15,0.42,4.01,682.6,13.74,31.04,55.3,0.5342,CUKUP INKLUSIF
Gowa,2013,2917.01,233.06,589.16,15.93,13.81,972.18,1022.37,129.59,213.1,916.21,210.12,578.68,10.9,536.06,428.51,159.96,123.36,9070.0,65.45,8.73,9.42,0.41,2.63,696.1,15.39,31.83,61.0,0.5696,CUKUP INKLUSIF
Gowa,2014,3116.77,262.61,622.48,19.11,14.04,1018.64,1126.02,141.46,232.75,964.47,222.79,671.81,11.57,550.38,439.27,174.64,131.38,9720.17,66.12,8.0,7.17,0.4,2.3,709.39,16.98,32.63,57.0,0.5501,CUKUP INKLUSIF
Gowa,2015,3232.8,295.06,663.81,18.91,14.08,1093.06,1197.77,151.31,247.75,1064.3,240.24,776.6,12.18,570.42,468.94,191.46,141.52,10380.22,66.87,8.27,6.79,0.42,4.96,721.62,19.03,33.43,59.47,0.5379,CUKUP INKLUSIF
Gowa,2016,3401.02,335.04,717.79,21.59,14.69,1182.24,1324.67,156.26,267.27,1173.64,274.58,846.88,13.08,583.12,497.64,204.7,151.83,11166.02,67.7,8.4,7.57,0.41,4.96,732.59,21.04,34.22,61.52,0.5662,CUKUP INKLUSIF
Gowa,2017,3555.19,379.94,779.61,23.07,15.68,1281.85,1443.82,166.75,294.35,1289.48,279.05,909.8,14.15,610.19,540.49,219.05,168.91,11971.36,68.33,8.42,7.21,0.4,6.14,742.34,22.98,35.02,62.77,0.5749,CUKUP INKLUSIF
Gowa,2018,3708.33,427.99,811.12,24.32,17.27,1390.95,1585.64,181.62,329.24,1423.44,289.66,963.12,15.46,632.19,594.12,237.65,190.54,12822.68,68.87,7.83,7.14,0.38,4.8,751.98,25.07,37.2,59.34,0.5944,CUKUP INKLUSIF
Gowa,2019,3751.39,495.07,911.42,25.33,18.13,1530.24,1732.69,203.96,354.21,1581.12,296.63,1024.45,17.06,741.13,634.29,257.15,208.84,13783.11,69.66,7.53,7.46,0.35,4.35,761.49,27.5,37.67,57.99,0.6299,CUKUP INKLUSIF
Gowa,2020,3852.28,500.62,853.49,26.55,19.74,1536.08,1695.56,193.51,316.99,1752.99,308.69,1070.84,15.22,738.99,673.34,283.84,187.04,14025.76,70.14,7.38,1.76,0.35,6.44,765.84,28.2,39.05,57.68,0.5485,CUKUP INKLUSIF
Gowa,2021,4289.11,520.64,933.5,28.01,20.53,1597.53,1798.11,209.82,329.32,1886.67,331.15,1097.61,16.06,782.53,696.91,305.13,201.07,15043.7,70.29,7.54,7.26,0.36,4.3,775.24,30.36,38.67,58.66,0.6265,CUKUP INKLUSIF
Gowa,2022,4432.28,533.66,1048.83,28.69,21.88,1616.3,1912.63,245.59,381.64,1981.01,339.93,1130.54,18.31,786.02,710.85,329.54,217.16,15734.85,70.99,7.36,4.59,0.36,3.26,788.16,32.5,33.23,57.96,0.5936,CUKUP INKLUSIF
Gowa,2023,4627.81,569.87,1185.18,32.3,23.11,1617.99,2042.22,275.17,463.75,2092.04,332.59,1225.02,21.13,783.34,717.25,386.22,255.38,16650.36,71.57,7.42,5.82,0.38,3.43,801.11,35.52,35.85,59.1,0.604,CUKUP INKLUSIF
Gowa,2024,4653.29,603.85,1287.16,33.18,24.24,1658.73,2204.79,288.31,520.21,2254.29,346.26,1356.29,22.96,822.55,759.16,417.55,294.17,17547.0,72.26,6.85,5.39,0.33,3.91,814.04,37.77,39.8,55.13,0.6416,CUKUP INKLUSIF
Gowa,2025,4955.86,640.16,1412.5,32.99,25.41,1760.61,2319.12,305.14,570.94,2383.13,374.43,1529.49,24.21,846.12,814.23,458.91,328.8,18782.06,74.22,6.64,7.04,0.32,4.25,827.0,41.35,47.39,54.04,0.6955,INKLUSIF
Jeneponto,2010,1718.1,65.24,126.84,5.77,3.44,349.07,469.97,37.24,9.51,140.99,69.5,93.57,0.84,277.4,89.76,77.53,21.32,3556.09,58.31,19.09,6.59,0.4,6.33,342.7,10.34,22.48,65.4,0.4556,CUKUP INKLUSIF
Jeneponto,2011,1893.63,69.38,137.41,7.04,3.79,365.73,499.97,40.16,10.46,152.62,72.0,100.66,0.88,301.24,96.1,82.42,22.83,3856.3,58.95,17.16,8.44,0.39,5.06,346.31,11.83,22.63,59.6,0.498,CUKUP INKLUSIF
Jeneponto,2012,2047.77,76.86,143.0,7.96,4.05,385.08,548.1,43.43,11.5,176.53,81.38,104.81,0.89,306.65,98.56,86.96,23.95,4147.46,59.62,16.59,7.55,0.38,4.35,348.68,13.54,22.79,58.0,0.4992,CUKUP INKLUSIF
Jeneponto,2013,2150.36,84.31,156.46,8.55,4.37,416.92,593.26,46.66,12.29,207.54,90.54,111.2,0.94,319.15,101.64,93.54,25.15,4422.9,60.55,16.52,6.64,0.37,2.77,351.11,15.01,22.94,58.1,0.5029,CUKUP INKLUSIF
Jeneponto,2014,2349.83,96.19,171.6,10.03,4.57,439.07,646.06,51.52,13.57,215.86,99.64,115.2,0.94,326.24,104.59,101.93,26.8,4773.64,61.45,15.31,7.93,0.36,2.7,353.29,17.42,23.09,54.2,0.5397,CUKUP INKLUSIF
Jeneponto,2015,2453.88,111.56,183.04,10.0,4.6,477.65,711.27,55.72,15.44,238.91,104.47,123.72,1.0,341.89,112.17,111.42,29.21,5085.92,61.61,15.18,6.54,0.36,4.0,355.45,19.69,23.24,53.87,0.5203,CUKUP INKLUSIF
Jeneponto,2016,2638.36,125.88,195.93,10.5,4.82,512.75,791.96,58.88,17.55,263.19,117.1,131.46,1.06,368.72,119.35,119.45,31.88,5508.83,61.81,15.49,8.32,0.36,4.0,357.84,21.94,23.39,55.32,0.5495,CUKUP INKLUSIF
Jeneponto,2017,2776.81,141.08,212.98,11.09,5.08,632.5,877.24,64.25,19.74,287.65,118.1,135.76,1.14,387.43,128.66,129.22,34.83,5963.56,62.67,15.4,8.25,0.33,3.31,359.92,23.94,23.54,55.34,0.5799,CUKUP INKLUSIF
Jeneponto,2018,2807.77,157.06,222.88,12.53,5.48,736.55,985.55,70.79,22.21,316.46,121.17,142.64,1.23,415.76,141.11,141.01,38.56,6338.74,63.33,15.48,6.29,0.31,2.81,361.89,26.03,20.75,55.95,0.572,CUKUP INKLUSIF
Jeneponto,2019,2834.8,169.68,242.48,13.57,5.49,774.33,1099.36,78.47,24.36,352.35,118.3,151.58,1.33,477.14,152.16,147.51,42.69,6685.62,64.0,14.88,5.47,0.33,1.99,363.75,27.74,22.39,54.05,0.5522,CUKUP INKLUSIF
Jeneponto,2020,2809.75,168.8,242.4,14.58,5.79,759.75,1081.87,74.72,21.63,403.73,123.96,155.37,1.34,475.97,161.27,156.62,38.88,6696.42,64.26,14.58,0.16,0.35,2.31,401.61,25.7,20.33,53.24,0.4597,CUKUP INKLUSIF
Jeneponto,2021,2916.99,162.41,252.77,16.79,6.16,784.75,1191.33,82.87,24.18,428.4,132.65,161.81,1.4,513.49,171.53,169.72,41.1,7058.35,64.56,14.28,5.4,0.35,2.38,405.24,27.28,21.32,52.35,0.5426,CUKUP INKLUSIF
Jeneponto,2022,2813.74,170.62,276.2,22.05,6.73,837.42,1359.48,99.03,28.75,463.47,128.48,167.96,1.53,542.52,182.53,181.2,45.8,7327.53,65.13,13.73,3.81,0.34,2.21,409.89,28.74,22.21,50.59,0.5321,CUKUP INKLUSIF
Jeneponto,2023,2678.63,188.84,285.36,25.77,7.19,864.25,1471.5,108.4,31.77,537.75,121.74,179.03,1.45,520.37,190.44,203.51,50.54,7466.55,65.9,13.06,1.9,0.34,2.13,414.48,29.32,24.55,48.32,0.5115,CUKUP INKLUSIF
Jeneponto,2024,2884.89,194.56,297.11,26.8,7.36,884.82,1543.5,114.86,33.74,573.75,124.71,189.36,1.5,549.44,208.85,224.38,57.05,7916.7,66.38,11.82,6.03,0.3,2.47,418.97,31.17,21.78,43.9,0.6088,CUKUP INKLUSIF
Jeneponto,2025,3095.25,199.03,320.45,24.87,7.61,930.46,1647.8,119.6,36.87,605.74,134.56,200.58,1.57,595.9,217.43,238.54,62.55,8438.81,70.25,11.42,6.59,0.3,1.88,423.4,34.11,21.07,42.56,0.6597,CUKUP INKLUSIF
Luwu,2010,2644.3,104.36,259.25,5.28,0.96,506.67,541.61,42.91,38.38,101.42,61.05,297.3,0.98,286.93,148.42,70.08,14.1,5123.99,63.95,15.43,7.15,0.43,6.81,332.48,15.36,36.77,51.5,0.504,CUKUP INKLUSIF
Luwu,2011,2814.83,113.08,276.96,5.75,1.08,545.26,603.44,45.26,42.7,119.61,70.71,325.7,1.13,299.1,169.52,78.95,15.23,5528.31,64.71,13.93,7.89,0.42,7.41,336.99,17.43,38.23,46.9,0.5309,CUKUP INKLUSIF
Luwu,2012,2932.21,128.39,286.13,6.63,1.13,575.62,681.08,48.14,46.32,145.81,78.13,364.84,1.33,305.44,195.84,101.41,16.65,5915.1,65.43,13.34,7.0,0.42,10.55,340.49,19.67,39.68,45.5,0.5253,CUKUP INKLUSIF
Luwu,2013,3140.46,143.04,296.17,7.61,1.16,604.53,739.93,50.87,48.99,180.56,90.45,394.49,1.48,315.88,219.28,119.89,17.91,6372.7,66.39,15.1,7.74,0.42,7.14,343.79,22.34,41.14,52.0,0.5471,CUKUP INKLUSIF
Luwu,2014,3527.36,159.19,316.15,9.19,1.17,613.48,790.69,55.45,50.81,190.17,94.57,423.91,1.6,324.43,224.79,132.45,18.62,6934.03,67.34,13.95,8.81,0.41,5.1,347.1,25.98,42.59,48.5,0.5811,CUKUP INKLUSIF
Luwu,2015,3756.05,168.83,330.2,8.53,1.18,646.04,864.5,59.15,54.01,218.1,104.32,452.54,1.79,344.66,255.29,151.7,20.53,7437.42,68.11,13.89,7.26,0.36,7.86,349.99,29.59,44.05,48.64,0.6025,CUKUP INKLUSIF
Luwu,2016,4048.68,184.04,359.81,10.07,1.3,678.28,938.88,61.94,58.2,237.43,120.24,484.98,1.95,372.23,279.76,163.39,22.19,8023.37,68.71,14.35,7.88,0.36,7.86,353.84,33.55,45.5,50.58,0.6185,CUKUP INKLUSIF
Luwu,2017,4267.8,200.41,387.11,10.67,1.41,712.78,999.37,65.73,61.63,258.05,126.83,517.08,2.19,389.6,302.25,240.35,24.62,8567.87,69.02,14.01,6.79,0.4,4.78,357.23,36.56,46.95,49.8,0.5761,CUKUP INKLUSIF
Luwu,2018,4565.48,212.83,414.03,11.47,1.5,756.96,1080.04,74.81,68.4,281.68,130.8,541.09,2.37,398.37,329.74,258.38,27.64,9155.58,69.6,13.36,6.86,0.36,3.89,360.54,40.2,25.39,47.91,0.6128,CUKUP INKLUSIF
Luwu,2019,4747.14,227.42,457.47,11.93,1.56,823.64,1173.45,81.81,72.56,309.75,136.65,572.49,2.56,446.86,354.86,278.88,29.93,9728.97,70.39,12.78,6.26,0.35,4.38,363.75,43.04,30.07,46.18,0.6197,CUKUP INKLUSIF
Luwu,2020,4762.2,231.8,426.7,12.6,1.7,839.6,1166.7,73.8,69.7,349.7,144.5,605.6,2.5,446.1,380.7,313.3,28.9,9855.9,70.51,12.65,1.3,0.4,4.94,365.61,43.91,25.96,46.04,0.509,CUKUP INKLUSIF
Luwu,2021,5014.2,240.6,459.4,13.3,1.7,854.2,1279.6,79.5,76.8,377.1,157.5,642.7,2.6,473.1,399.9,346.2,31.3,10449.8,70.85,12.53,6.03,0.38,4.8,369.36,48.3,25.65,46.26,0.5993,CUKUP INKLUSIF
Luwu,2022,5265.6,251.0,480.1,13.8,1.9,934.5,1391.4,92.7,90.4,399.0,158.3,673.5,2.9,471.7,416.2,367.7,34.0,11044.7,71.36,12.49,5.69,0.36,3.85,374.32,53.38,29.17,46.5,0.6143,CUKUP INKLUSIF
Luwu,2023,5386.4,275.4,501.0,15.7,1.9,1081.2,1531.7,100.8,101.2,433.7,153.6,711.0,3.2,489.2,450.8,394.0,37.3,11668.1,72.16,12.71,5.64,0.34,3.7,379.3,57.36,35.09,47.67,0.637,CUKUP INKLUSIF
Luwu,2024,5480.1,290.3,577.8,16.9,1.9,1116.0,1655.4,108.0,108.2,467.5,159.8,753.9,3.4,488.5,479.3,426.5,43.1,12176.5,72.79,11.7,4.36,0.32,4.14,384.28,59.73,36.96,44.24,0.6391,CUKUP INKLUSIF
Luwu,2025,5884.1,302.8,764.9,15.7,2.1,1175.6,1737.9,112.7,118.1,486.1,169.4,766.7,3.6,536.7,501.1,457.0,47.4,13081.7,74.66,10.97,7.43,0.33,3.71,389.3,63.45,33.51,41.76,0.6989,INKLUSIF
Luwu Timur,2010,1842.4,7828.18,241.08,4.17,0.67,735.95,325.79,56.36,12.36,103.49,61.07,137.13,3.89,216.72,165.81,90.23,8.85,11834.16,68.47,9.18,13.19,0.5,13.22,243.07,48.54,38.58,22.4,0.5942,CUKUP INKLUSIF
Luwu Timur,2011,1978.47,7029.09,263.6,4.57,0.82,761.45,341.43,60.46,13.17,122.07,73.61,154.47,4.35,228.52,170.96,110.0,9.56,11326.59,68.94,8.29,-4.29,0.48,7.16,250.22,55.28,38.99,20.4,0.3483,CUKUP INKLUSIF
Luwu Timur,2012,2067.84,7319.61,289.18,5.57,0.84,844.91,385.18,64.61,14.78,147.24,88.47,170.72,4.69,234.54,190.27,124.44,10.37,11963.26,69.34,7.72,5.62,0.47,8.12,256.7,59.47,39.4,19.9,0.5106,CUKUP INKLUSIF
Luwu Timur,2013,2157.28,7706.18,322.6,6.16,0.87,944.13,416.16,69.6,17.97,172.01,98.45,188.88,5.1,244.24,220.19,136.39,11.07,12717.28,69.53,8.38,6.3,0.46,6.28,263.01,63.35,39.82,22.2,0.5304,CUKUP INKLUSIF
Luwu Timur,2014,2353.14,8392.37,356.64,7.04,0.89,965.94,433.19,76.99,18.77,182.08,108.52,213.03,5.28,248.81,227.12,146.31,11.9,13748.02,69.75,7.67,8.1,0.44,8.1,269.4,70.63,40.23,20.8,0.5748,CUKUP INKLUSIF
Luwu Timur,2015,2550.58,8831.74,383.21,7.42,0.89,1046.27,470.4,82.8,19.91,201.52,114.51,228.78,5.59,270.97,243.59,159.92,12.97,14631.06,70.43,7.18,6.42,0.47,5.37,275.13,69.73,40.64,19.67,0.5347,CUKUP INKLUSIF
Luwu Timur,2016,2758.79,8634.51,413.31,8.47,0.94,1119.64,506.28,85.92,21.7,219.67,121.59,245.48,6.01,275.66,258.94,171.27,14.15,14862.31,70.95,7.52,1.58,0.43,5.37,280.35,61.72,41.05,21.08,0.4961,CUKUP INKLUSIF
Luwu Timur,2017,2955.13,8668.0,430.91,9.09,1.05,1188.71,549.46,91.41,22.9,241.3,126.06,261.71,6.4,294.12,272.68,184.29,15.49,15318.72,71.46,7.66,3.07,0.41,2.58,285.01,63.71,41.46,21.94,0.539,CUKUP INKLUSIF
Luwu Timur,2018,3150.53,8681.49,455.67,9.63,1.14,1279.37,606.13,100.79,25.59,266.31,134.02,274.47,7.07,330.23,296.29,201.79,17.26,15837.8,72.16,7.23,3.39,0.4,2.18,289.66,69.41,29.72,21.15,0.5589,CUKUP INKLUSIF
Luwu Timur,2019,3183.97,8447.71,521.87,10.03,1.21,1403.98,669.82,111.86,27.79,294.89,141.69,295.87,7.82,348.46,317.69,219.43,18.86,16022.95,72.8,6.98,1.17,0.39,3.81,294.29,71.34,42.33,20.83,0.5395,CUKUP INKLUSIF
Luwu Timur,2020,3175.95,8587.77,507.75,10.52,1.32,1448.2,662.57,97.39,24.23,328.12,147.33,313.48,7.15,345.81,337.64,245.15,16.54,16256.9,73.22,6.85,1.46,0.41,4.46,296.74,72.85,34.86,20.82,0.5339,CUKUP INKLUSIF
Luwu Timur,2021,3308.98,7916.77,541.15,11.17,1.47,1559.0,707.1,103.94,24.8,353.19,154.8,331.4,7.42,366.5,356.56,268.62,17.62,16030.5,73.34,6.94,-1.39,0.4,4.96,300.03,78.71,36.7,20.99,0.4992,CUKUP INKLUSIF
Luwu Timur,2022,3254.37,8048.03,581.75,11.79,1.61,1598.88,762.5,116.07,27.26,376.91,158.51,351.83,7.89,377.25,367.14,288.51,18.91,16349.21,73.92,6.81,1.99,0.39,4.48,304.3,93.36,38.61,20.89,0.5642,CUKUP INKLUSIF
Luwu Timur,2023,3293.12,9395.08,566.92,12.49,1.65,1697.12,793.34,119.47,28.39,364.59,164.95,354.14,8.34,406.18,396.82,306.21,19.63,17928.43,74.35,6.93,9.66,0.39,5.42,308.53,99.49,37.28,21.57,0.6855,INKLUSIF
Luwu Timur,2024,3400.12,9552.43,583.21,13.7,1.54,1842.74,826.95,122.73,29.81,369.84,180.48,369.01,8.94,441.0,426.03,324.52,21.48,18514.53,74.95,6.55,3.29,0.35,4.58,312.73,97.2,37.4,20.7,0.6245,CUKUP INKLUSIF
Luwu Timur,2025,3588.0,9845.0,618.0,13.0,2.0,1898.0,852.0,116.0,31.0,381.0,220.0,381.0,9.0,449.0,431.0,344.0,22.0,19202.0,77.28,5.79,3.7,0.37,3.7,316.9,99.87,36.88,18.55,0.6417,CUKUP INKLUSIF
Luwu Utara,2010,2289.98,40.77,186.54,4.89,0.19,437.39,415.39,74.15,35.66,118.75,53.07,110.03,0.78,241.94,209.03,35.82,1.2,4255.59,64.77,16.24,6.27,0.59,4.9,287.47,14.76,29.56,46.8,0.3826,CUKUP INKLUSIF
Luwu Utara,2011,2459.15,48.37,195.94,5.13,0.22,471.25,437.81,84.43,39.58,143.53,65.92,121.63,0.82,253.18,229.9,39.6,1.27,4597.71,65.57,14.64,8.04,0.56,4.47,291.41,16.95,30.07,42.6,0.4402,CUKUP INKLUSIF
Luwu Utara,2012,2550.01,65.06,209.65,6.24,0.24,515.92,489.81,92.02,44.54,166.16,77.57,136.69,0.86,260.75,254.12,40.04,1.31,4911.0,65.99,14.03,6.81,0.53,5.03,294.4,18.89,30.59,41.4,0.4481,CUKUP INKLUSIF
Luwu Utara,2013,2668.58,73.87,220.04,6.98,0.26,570.44,537.83,101.27,50.46,203.49,82.56,151.15,0.92,281.34,279.48,44.15,1.35,5274.16,66.4,15.52,7.39,0.5,4.84,297.31,21.32,31.11,46.2,0.4833,CUKUP INKLUSIF
Luwu Utara,2014,2931.46,86.87,238.24,8.19,0.27,598.46,582.35,107.25,56.07,216.53,85.6,164.55,1.01,290.29,321.81,49.11,1.47,5739.51,66.9,14.31,8.82,0.47,1.8,299.99,25.3,31.63,43.0,0.5325,CUKUP INKLUSIF
Luwu Utara,2015,3068.59,100.53,254.27,7.75,0.27,647.94,631.12,116.62,61.04,244.0,91.91,178.44,1.08,306.81,356.59,53.67,1.58,6122.22,67.44,13.87,6.67,0.37,2.6,302.41,28.73,32.14,41.89,0.5789,CUKUP INKLUSIF
Luwu Utara,2016,3291.61,110.18,270.71,9.15,0.29,693.88,687.69,127.42,66.82,266.47,106.17,195.28,1.15,306.28,387.95,58.1,1.74,6580.9,67.81,14.36,7.49,0.41,2.6,305.46,32.02,32.66,43.75,0.5662,CUKUP INKLUSIF
Luwu Utara,2017,3444.79,120.5,294.94,9.69,0.31,794.68,781.35,139.54,73.98,289.71,105.38,212.04,1.25,322.22,425.54,63.33,1.91,7081.17,68.35,14.33,7.6,0.36,3.31,308.14,35.02,33.18,44.04,0.6103,CUKUP INKLUSIF
Luwu Utara,2018,3721.22,136.59,313.78,10.36,0.34,849.4,873.03,151.97,81.99,315.99,108.34,220.57,1.37,358.57,460.03,69.54,2.11,7675.2,68.79,13.69,8.39,0.36,3.87,310.74,38.65,21.26,42.43,0.6272,CUKUP INKLUSIF
Luwu Utara,2019,3806.79,148.52,367.85,11.15,0.37,968.45,989.07,174.22,92.49,350.72,111.64,233.81,1.55,395.61,488.5,78.09,2.37,8221.2,69.46,13.6,7.11,0.36,2.76,313.26,41.65,28.19,42.48,0.6151,CUKUP INKLUSIF
Luwu Utara,2020,3722.53,153.0,358.51,11.81,0.39,958.02,976.02,158.69,84.35,386.68,118.52,240.23,1.42,398.8,515.55,86.06,2.15,8172.74,69.57,13.41,-0.59,0.34,3.01,322.92,41.07,30.04,42.2,0.5139,CUKUP INKLUSIF
Luwu Utara,2021,3925.73,157.89,375.98,12.11,0.41,970.3,994.06,159.87,86.84,406.99,129.61,243.35,1.49,406.04,526.96,91.67,2.21,8491.5,70.02,13.59,3.9,0.34,3.91,325.99,44.2,26.08,43.15,0.5871,CUKUP INKLUSIF
Luwu Utara,2022,4061.19,155.71,380.33,12.67,0.44,1027.34,1041.14,177.95,92.96,451.03,129.31,247.37,1.58,433.01,569.35,93.31,2.26,8876.97,70.51,13.22,4.54,0.35,2.81,329.89,48.65,29.54,42.29,0.5948,CUKUP INKLUSIF
Luwu Utara,2023,4190.2,154.93,407.63,13.71,0.45,1202.19,1107.68,188.52,95.07,475.12,122.46,271.37,1.65,423.44,572.2,102.02,2.42,9331.06,71.34,12.66,5.12,0.34,2.63,333.78,53.45,25.14,40.79,0.6201,CUKUP INKLUSIF
Luwu Utara,2024,4417.66,159.1,442.18,14.32,0.46,1080.73,1195.8,203.43,105.11,511.31,129.79,287.8,1.71,451.77,615.82,112.65,2.81,9732.44,72.07,11.24,4.3,0.27,2.39,337.66,58.31,29.34,36.46,0.6668,INKLUSIF
Luwu Utara,2025,4618.46,172.07,461.27,14.75,0.5,1226.29,1265.51,222.8,111.07,537.54,151.08,303.88,1.8,481.95,640.97,119.66,3.03,10332.63,74.81,10.74,6.17,0.32,2.24,341.5,64.54,28.25,35.03,0.6887,INKLUSIF
Makassar,2010,392.43,2.68,12565.97,25.13,155.92,9263.53,11121.43,1583.73,1366.88,5733.2,2812.12,2177.98,668.2,2320.59,5379.6,1503.37,1483.7,58556.47,77.63,5.86,9.83,0.41,13.34,1338.66,43.61,59.94,78.7,0.7094,INKLUSIF
Makassar,2011,405.1,2.06,13403.46,27.07,170.92,9762.02,12782.73,1707.55,1499.53,6605.88,3424.4,2381.07,727.16,2524.97,5924.35,1653.97,1619.86,64622.1,77.82,5.29,10.36,0.42,8.41,1364.95,49.29,59.36,71.7,0.7123,INKLUSIF
Makassar,2012,403.24,1.56,14551.46,31.94,179.52,10900.01,13685.16,1845.41,1648.72,7762.9,3972.65,2597.28,785.08,2533.54,6420.88,1774.26,1757.42,70851.04,78.47,5.02,9.64,0.42,9.97,1387.03,56.24,58.77,69.9,0.7084,INKLUSIF
Makassar,2013,431.81,1.32,15759.79,33.66,193.6,12038.05,14556.07,1975.87,1779.09,8778.28,4312.83,2834.58,849.17,2567.85,7001.0,1908.69,1885.77,76907.41,78.98,4.7,8.55,0.43,9.53,1408.07,62.75,58.18,66.4,0.6902,INKLUSIF
Makassar,2014,465.61,1.13,16985.53,40.13,196.3,13284.17,15658.93,2105.27,1897.32,9277.4,4547.3,3100.37,906.04,2607.64,7409.07,2084.75,2025.86,82592.82,79.35,4.48,7.39,0.43,10.9,1429.24,70.24,57.59,64.2,0.6766,INKLUSIF
Makassar,2015,478.11,0.97,18077.51,38.24,197.17,14415.64,16762.34,2212.73,2014.49,10125.62,4882.85,3347.93,952.18,2905.99,7999.27,2248.32,2168.81,88828.15,79.94,4.38,7.55,0.4,12.02,1447.68,78.94,57.01,63.24,0.7074,INKLUSIF
Makassar,2016,497.71,0.84,19558.17,42.29,201.33,15585.75,18271.24,2312.6,2184.96,11081.12,5520.29,3418.46,1009.67,2840.63,8596.48,2464.25,2371.84,95957.64,80.53,4.56,8.03,0.4,12.02,1467.95,87.13,56.42,66.78,0.7212,INKLUSIF
Makassar,2017,505.59,0.77,20806.6,45.0,215.19,16897.85,20112.43,2516.61,2375.28,12168.29,5841.81,3497.12,1094.12,3004.0,9442.55,2707.72,2595.25,103826.16,81.13,4.59,8.2,0.4,10.59,1485.94,95.67,55.83,68.19,0.7304,INKLUSIF
Makassar,2018,504.69,0.66,20856.68,49.36,228.61,18397.67,22484.33,2737.52,2682.32,13735.37,6152.6,3648.89,1205.39,3500.85,10434.5,3001.17,2947.8,112568.41,81.73,4.41,8.42,0.38,12.19,1503.66,106.23,65.03,66.22,0.7549,INKLUSIF
Makassar,2019,526.0,0.58,22728.08,53.87,224.81,20034.23,25142.39,2995.64,2849.88,14916.42,6366.61,3835.37,1354.93,3770.96,11120.17,3285.55,3260.35,122465.83,82.25,4.28,8.79,0.39,9.83,1521.09,117.3,67.82,65.12,0.7589,INKLUSIF
Makassar,2020,508.93,0.0,21767.9,51.52,236.02,20232.8,23777.63,2476.09,2284.79,16487.16,6482.79,3838.84,1200.58,3754.75,11302.84,3680.34,2822.79,120905.75,82.25,4.54,-1.27,0.4,15.92,1423.88,125.32,61.63,69.98,0.5987,CUKUP INKLUSIF
Makassar,2021,518.31,0.0,22678.92,54.0,244.66,21101.29,25119.55,2641.16,2326.3,17525.17,6282.85,3949.18,1266.83,3917.66,11695.48,3952.68,3038.78,126312.83,82.66,4.82,4.47,0.4,13.18,1434.44,132.68,60.64,74.69,0.6905,INKLUSIF
Makassar,2022,532.42,0.0,24726.64,58.66,256.92,21371.12,26747.84,3138.09,2791.54,18129.79,6290.56,4100.56,1447.45,4016.18,11881.44,4323.44,3319.95,133132.6,83.12,4.58,5.4,0.4,11.82,1444.88,144.6,60.61,71.83,0.7096,INKLUSIF
Makassar,2023,537.8,0.0,25610.98,61.22,261.23,22025.08,28032.66,3470.42,3138.85,19770.53,6535.84,4290.05,1582.69,4311.62,12224.81,4676.24,3667.88,140197.9,83.52,5.07,5.31,0.39,10.6,1454.96,155.95,61.4,80.32,0.72,INKLUSIF
Makassar,2024,564.16,0.0,26839.53,63.03,273.26,22260.26,29532.42,3687.61,3346.79,21104.45,7122.77,4516.17,1700.69,4307.36,13130.23,5321.21,4223.27,147993.2,83.9,4.97,5.56,0.37,9.71,1464.64,165.96,59.7,79.53,0.7426,INKLUSIF
Makassar,2025,589.34,0.0,28427.66,63.38,285.93,23154.9,30968.88,3885.92,3545.07,22219.86,7731.04,4767.16,1820.09,4337.82,13679.19,5734.59,4684.75,155895.57,85.66,4.43,5.34,0.39,9.6,1473.9,177.34,63.88,71.63,0.7439,INKLUSIF
Maros,2010,1359.11,371.19,1262.62,4.66,9.02,358.84,260.38,3454.17,27.18,121.15,124.07,126.86,2.2,329.56,146.98,48.22,34.85,8041.07,64.07,14.62,12.4,0.47,9.74,319.0,22.85,53.63,46.6,0.5559,CUKUP INKLUSIF
Maros,2011,1452.21,460.62,1522.05,5.87,9.48,413.87,283.5,3399.71,29.08,127.03,129.88,132.77,2.3,340.4,154.3,53.61,35.55,8552.22,64.95,13.14,11.24,0.46,6.94,324.1,26.54,54.95,42.4,0.5552,CUKUP INKLUSIF
Maros,2012,1563.81,557.48,1818.38,7.25,9.89,462.96,308.21,3269.96,30.96,131.94,135.37,138.61,2.4,351.47,160.28,59.22,36.31,9044.51,65.5,12.56,11.14,0.45,6.43,328.0,31.79,56.26,41.3,0.567,CUKUP INKLUSIF
Maros,2013,1601.41,624.61,1967.11,7.93,10.49,535.78,326.54,3441.36,32.91,140.73,142.17,144.71,2.54,361.66,171.58,63.93,36.82,9612.26,66.06,12.94,6.28,0.44,5.71,331.8,36.07,57.57,43.1,0.5066,CUKUP INKLUSIF
Maros,2014,1750.0,736.33,2337.24,9.66,10.81,573.02,354.45,3161.03,34.75,143.7,147.01,150.43,2.62,373.17,174.91,69.99,37.71,10066.82,66.65,11.93,4.73,0.4,4.6,335.6,40.11,58.89,40.1,0.5188,CUKUP INKLUSIF
Maros,2015,1888.86,828.87,2586.45,8.97,10.87,627.45,371.95,3407.38,37.14,153.27,153.62,158.7,2.71,398.31,180.15,76.29,39.22,10930.22,67.13,11.85,8.44,0.44,6.99,338.92,45.94,60.2,40.08,0.5512,CUKUP INKLUSIF
Maros,2016,2069.24,955.85,2653.47,10.04,10.98,675.64,396.96,3917.73,39.63,160.21,168.98,167.67,2.8,432.04,187.36,80.8,40.99,11970.4,67.76,11.41,9.5,0.41,6.99,342.48,52.09,61.51,39.02,0.5962,CUKUP INKLUSIF
Maros,2017,2203.48,1142.05,2733.88,10.65,12.17,737.51,415.44,4175.99,41.56,168.7,169.51,178.65,3.06,453.02,193.92,84.11,44.6,12768.32,68.42,11.14,6.81,0.37,6.85,345.63,56.12,62.83,38.5,0.5918,CUKUP INKLUSIF
Maros,2018,2312.48,1253.53,2747.09,11.23,13.08,807.44,451.11,4541.58,46.55,179.84,176.66,190.66,3.37,478.68,207.04,88.46,49.94,13558.74,68.94,10.31,6.19,0.34,6.19,348.68,60.92,44.69,35.97,0.61,CUKUP INKLUSIF
Maros,2019,2434.72,1419.9,2787.67,11.93,15.2,950.69,508.1,4040.99,53.22,190.75,189.05,204.73,3.74,540.34,224.92,93.74,56.59,13726.28,69.5,9.89,1.24,0.38,4.42,351.65,64.6,46.38,34.85,0.5117,CUKUP INKLUSIF
Maros,2020,2378.99,1432.11,2604.39,11.36,17.33,1084.87,497.27,2606.87,43.12,214.95,196.64,217.65,3.71,359.4,231.46,102.68,52.87,12233.66,69.86,9.74,-10.87,0.37,6.28,391.77,47.73,42.86,34.62,0.3389,CUKUP INKLUSIF
Maros,2021,2572.86,1522.62,2388.25,11.74,17.55,1135.85,515.35,2612.26,44.75,228.88,203.56,225.0,3.83,517.84,233.43,110.68,56.16,12400.62,70.41,9.57,1.36,0.37,6.3,396.29,47.96,45.68,34.11,0.5308,CUKUP INKLUSIF
Maros,2022,2603.62,1565.6,2504.76,12.14,17.85,1165.43,532.49,3485.34,47.32,230.94,201.97,235.27,3.91,517.73,236.52,112.12,59.93,13532.96,71.0,9.43,9.13,0.36,5.04,402.15,58.55,46.36,33.9,0.6627,INKLUSIF
Maros,2023,2606.12,1651.56,2611.42,12.52,17.83,1199.69,550.92,3884.27,49.31,238.3,197.31,244.53,4.1,516.84,242.7,118.39,64.35,14210.16,71.63,9.65,5.0,0.37,3.64,407.92,64.69,48.17,34.96,0.5995,CUKUP INKLUSIF
Maros,2024,2729.94,1686.55,2702.38,12.69,18.46,1227.99,573.13,4031.32,50.93,244.81,200.88,264.52,4.19,558.67,250.37,123.76,68.18,14748.76,72.11,9.32,3.79,0.35,4.34,413.59,69.21,57.64,34.0,0.601,CUKUP INKLUSIF
Maros,2025,2847.09,1778.5,2751.19,12.84,19.39,1275.55,607.62,4210.71,54.99,253.86,217.54,287.71,4.53,581.39,262.87,134.35,74.66,15374.77,74.79,8.9,4.24,0.34,4.13,419.2,71.36,50.03,32.67,0.6445,CUKUP INKLUSIF
Palopo,2010,665.44,5.24,93.77,2.74,9.55,477.31,501.19,149.5,34.14,143.02,188.34,134.36,2.88,241.82,150.22,69.62,43.91,2913.05,73.03,11.28,6.67,0.5,10.52,147.93,19.63,61.59,16.8,0.5451,CUKUP INKLUSIF
Palopo,2011,631.76,5.47,98.27,3.12,10.55,532.45,566.56,164.41,37.63,160.52,229.88,155.01,3.06,257.27,166.62,73.97,46.64,3143.19,74.02,10.22,7.9,0.48,9.47,152.57,21.81,60.72,15.3,0.5893,CUKUP INKLUSIF
Palopo,2012,657.2,5.85,99.72,3.4,11.25,526.01,661.28,179.91,40.44,179.51,267.2,163.42,3.2,268.53,170.17,78.49,47.67,3363.25,74.54,9.47,7.0,0.46,8.43,156.6,23.57,59.86,14.9,0.5959,CUKUP INKLUSIF
Palopo,2013,695.64,5.74,103.62,3.83,11.77,557.36,762.34,192.57,42.59,196.19,291.47,172.09,3.4,275.76,182.52,87.15,48.98,3633.01,75.02,9.57,8.02,0.44,9.03,160.82,26.0,59.0,15.5,0.6313,CUKUP INKLUSIF
Palopo,2014,753.1,5.68,109.55,4.82,12.29,580.3,863.45,209.9,44.68,201.74,304.33,183.32,3.59,282.57,185.77,93.95,50.19,3889.24,75.65,8.8,7.05,0.4,8.1,164.9,28.8,58.14,14.6,0.6528,CUKUP INKLUSIF
Palopo,2015,755.64,5.94,115.28,4.58,12.34,609.16,968.89,225.17,47.88,217.52,326.92,193.93,3.73,301.3,197.01,103.72,51.87,4140.87,76.27,8.58,6.47,0.43,12.07,168.45,31.68,57.27,14.51,0.6288,CUKUP INKLUSIF
Palopo,2016,759.03,6.27,121.15,5.0,12.8,654.71,1073.95,242.11,51.93,239.82,375.79,207.07,3.91,299.24,207.14,113.66,54.92,4428.5,76.45,8.74,6.95,0.37,12.07,171.96,34.04,56.41,15.02,0.682,INKLUSIF
Palopo,2017,803.17,6.54,125.48,5.37,13.65,696.64,1183.42,259.99,55.75,267.54,376.91,222.55,4.22,315.27,224.2,124.96,60.24,4745.9,76.71,8.78,7.17,0.34,10.96,175.11,36.83,55.55,15.44,0.7101,INKLUSIF
Palopo,2018,830.61,6.71,129.18,5.67,14.75,734.33,1291.73,286.15,59.8,303.02,383.21,233.02,4.61,368.09,247.46,137.06,67.61,5102.99,77.3,7.49,7.52,0.34,11.6,178.25,40.32,58.37,14.27,0.7219,INKLUSIF
Palopo,2019,871.74,6.82,139.2,5.89,15.42,779.14,1421.61,312.34,64.55,335.22,382.09,246.38,5.07,380.14,262.1,145.79,73.88,5447.36,77.98,7.82,6.75,0.34,9.67,181.4,43.79,68.45,14.37,0.7177,INKLUSIF
Palopo,2020,884.51,6.76,130.85,6.1,15.42,774.84,1426.6,268.07,60.02,376.6,391.48,258.25,4.97,377.91,265.76,150.56,73.37,5472.08,78.06,7.85,0.45,0.35,10.37,184.68,43.66,58.01,14.71,0.6155,CUKUP INKLUSIF
Palopo,2021,923.6,7.16,134.79,6.37,15.4,816.75,1491.21,304.64,64.27,387.66,423.52,265.22,5.14,399.87,272.25,172.78,77.63,5768.28,78.38,8.14,5.41,0.36,8.83,186.9,46.63,59.89,15.21,0.6871,INKLUSIF
Palopo,2022,956.0,8.06,147.42,6.59,16.45,894.51,1568.53,345.35,68.42,409.51,446.9,283.1,5.68,400.16,270.4,183.83,93.85,6104.74,78.91,7.78,5.83,0.37,8.2,189.84,51.45,57.68,14.78,0.692,INKLUSIF
Palopo,2023,951.24,8.55,155.98,7.11,17.32,940.22,1648.94,367.16,74.18,435.33,488.69,298.69,6.24,392.6,277.42,196.16,103.87,6369.71,79.45,7.69,4.34,0.37,7.81,192.76,54.47,59.32,14.85,0.6752,INKLUSIF
Palopo,2024,949.39,8.84,163.41,7.3,18.48,947.88,1732.73,385.3,79.65,467.51,511.49,316.98,6.57,425.22,298.91,211.84,118.57,6650.07,79.94,7.35,4.4,0.33,7.64,195.67,56.65,57.23,14.43,0.7108,INKLUSIF
Palopo,2025,998.29,9.07,169.44,7.53,18.85,979.6,1797.8,419.38,80.89,492.17,543.21,335.93,6.9,423.43,317.81,225.57,129.41,6955.29,81.74,7.18,4.59,0.33,7.53,198.5,59.37,55.79,14.31,0.7334,INKLUSIF
Pangkep,2010,1502.58,774.67,4191.68,5.86,3.89,418.21,462.99,334.92,38.06,134.22,74.84,132.9,0.56,353.97,131.91,88.91,2.45,8652.63,62.79,19.26,7.96,0.49,9.65,305.74,28.21,43.96,59.0,0.4597,CUKUP INKLUSIF
Pangkep,2011,1620.76,851.43,4659.34,6.23,4.23,458.3,495.68,376.85,40.13,144.59,83.39,140.83,0.58,373.86,150.09,94.59,2.95,9503.81,63.6,17.36,9.84,0.47,6.09,310.29,32.22,43.97,53.7,0.5118,CUKUP INKLUSIF
Pangkep,2012,1648.16,897.46,5107.1,7.26,4.46,488.14,559.5,414.14,44.65,177.48,93.49,155.93,0.63,388.19,182.2,116.34,3.51,10288.64,64.3,16.63,8.26,0.46,8.03,313.72,37.51,43.99,52.3,0.5028,CUKUP INKLUSIF
Pangkep,2013,1714.85,919.56,5771.53,7.82,4.73,527.2,622.04,440.36,47.96,204.19,103.85,170.52,0.68,393.41,190.31,125.88,3.58,11248.48,65.24,17.75,9.33,0.44,5.7,317.11,43.39,44.0,56.4,0.544,CUKUP INKLUSIF
Pangkep,2014,1895.7,993.45,6522.2,9.29,4.75,540.86,667.43,491.11,51.18,204.63,108.63,191.66,0.71,402.79,194.5,137.2,3.69,12419.76,66.16,16.38,10.41,0.43,9.9,320.29,49.86,44.02,52.6,0.5778,CUKUP INKLUSIF
Pangkep,2015,2025.5,1072.76,7077.96,8.96,4.76,585.84,725.28,472.27,54.44,226.48,116.71,205.82,0.75,424.52,210.48,150.45,4.03,13367.01,66.65,16.7,7.63,0.39,7.01,323.3,56.94,44.03,53.85,0.5702,CUKUP INKLUSIF
Pangkep,2016,2174.81,1199.4,7741.44,9.78,4.92,638.14,782.1,459.74,58.22,244.24,134.81,219.63,0.8,420.0,223.78,161.12,4.37,14477.29,66.86,16.22,8.31,0.42,7.01,326.48,62.92,44.05,52.86,0.5609,CUKUP INKLUSIF
Pangkep,2017,2350.19,1297.27,8132.34,10.36,5.3,695.61,862.72,514.59,65.16,260.85,136.16,238.01,0.86,440.63,243.18,175.5,4.78,15433.5,67.25,16.22,6.6,0.37,7.05,329.27,67.6,44.06,53.38,0.5758,CUKUP INKLUSIF
Pangkep,2018,2584.26,1439.25,8144.0,10.69,5.87,769.83,976.09,548.05,75.35,295.77,134.85,253.1,0.97,465.63,267.92,191.77,5.51,16168.91,67.71,15.1,4.77,0.32,6.91,331.98,71.98,42.62,50.12,0.5896,CUKUP INKLUSIF
Pangkep,2019,2833.96,1602.2,8410.85,10.8,6.04,832.62,1068.95,620.14,81.64,330.12,137.53,268.22,1.07,498.27,287.98,208.76,6.03,17205.17,68.29,14.06,6.41,0.33,4.99,334.6,77.68,45.87,47.07,0.6135,CUKUP INKLUSIF
Pangkep,2020,2860.37,1610.08,8074.9,10.39,6.5,856.09,1045.84,535.41,74.53,369.17,141.64,279.1,0.99,497.29,315.98,231.43,5.51,16915.23,68.72,13.96,-1.69,0.35,5.18,345.77,74.38,41.9,47.12,0.4805,CUKUP INKLUSIF
Pangkep,2021,3201.13,1746.77,7876.92,12.18,6.78,940.67,1131.75,574.75,78.89,401.7,152.8,290.74,1.07,492.76,333.58,252.14,6.0,17500.61,69.21,14.28,3.46,0.36,5.86,348.51,79.12,44.44,48.4,0.5569,CUKUP INKLUSIF
Pangkep,2022,3361.15,1833.24,8106.59,16.5,7.37,999.27,1243.61,671.94,96.35,430.34,150.11,309.26,1.23,507.57,345.65,276.8,6.62,18363.59,69.79,13.92,4.93,0.33,5.23,352.06,86.58,42.81,47.53,0.6075,CUKUP INKLUSIF
Pangkep,2023,3148.4,1921.93,8941.28,16.63,7.37,1021.39,1296.74,709.25,96.42,443.56,139.45,316.91,1.33,523.7,358.17,286.95,7.22,19236.71,70.59,13.4,4.75,0.35,5.05,355.61,91.86,46.71,46.06,0.5989,CUKUP INKLUSIF
Pangkep,2024,3437.32,1989.51,9291.73,16.76,7.61,1049.82,1376.6,736.31,102.38,456.86,139.86,342.29,1.46,551.04,382.5,307.65,7.9,20197.59,71.22,12.41,5.0,0.32,3.99,359.16,96.36,45.62,42.94,0.6316,CUKUP INKLUSIF
Pangkep,2025,3815.26,2251.08,9367.42,13.97,8.27,1140.41,1442.89,738.06,110.15,483.69,146.85,369.56,1.66,562.93,412.08,333.28,8.99,21206.55,74.62,11.6,5.0,0.27,3.9,362.7,104.7,41.15,40.37,0.7055,INKLUSIF
Parepare,2010,150.65,6.78,59.05,2.41,8.99,399.0,440.52,143.64,143.67,177.91,174.59,205.54,7.22,355.07,203.02,111.96,80.51,2670.53,73.55,6.53,7.99,0.64,11.85,129.26,20.59,53.85,8.5,0.4684,CUKUP INKLUSIF
Parepare,2011,163.58,7.31,62.91,2.66,9.91,438.1,472.44,156.97,154.22,199.03,197.67,236.14,7.75,370.35,208.45,122.2,85.8,2895.48,74.2,5.91,8.42,0.6,7.97,131.51,23.37,53.39,7.7,0.5114,CUKUP INKLUSIF
Parepare,2012,166.54,7.85,67.56,3.02,10.16,472.27,518.49,170.34,175.35,230.85,223.34,268.83,8.41,375.1,224.49,134.53,93.13,3150.26,74.67,5.58,8.8,0.56,4.21,133.38,26.25,52.94,7.5,0.5516,CUKUP INKLUSIF
Parepare,2013,185.56,8.29,73.7,3.09,10.68,516.84,557.55,183.21,189.27,253.66,237.13,306.36,9.16,383.56,238.76,145.44,98.31,3400.55,75.1,6.38,7.95,0.52,4.86,135.19,29.15,52.48,8.6,0.5726,CUKUP INKLUSIF
Parepare,2014,214.79,9.14,77.73,3.89,10.77,536.79,586.04,205.0,206.94,254.44,266.49,334.32,9.61,391.52,243.05,160.42,104.95,3615.9,75.66,5.88,6.33,0.5,7.1,136.9,32.39,52.02,8.1,0.5688,CUKUP INKLUSIF
Parepare,2015,235.79,9.99,82.51,3.74,11.15,554.13,613.68,215.75,226.49,269.95,296.18,364.15,10.17,409.27,253.63,175.35,111.79,3843.72,76.31,6.08,6.3,0.42,8.48,138.6,36.5,51.56,8.41,0.634,CUKUP INKLUSIF
Parepare,2016,259.58,10.81,88.02,4.05,11.54,576.31,661.01,226.61,248.26,289.85,351.94,389.29,10.78,407.02,265.22,190.35,117.16,4107.81,76.48,5.73,6.87,0.39,8.48,140.23,39.35,51.11,8.02,0.6665,INKLUSIF
Parepare,2017,282.48,11.09,93.63,4.3,12.54,601.83,711.36,245.42,272.34,309.38,372.42,428.44,11.49,420.81,279.26,208.63,128.91,4394.32,76.68,5.7,6.98,0.38,6.47,141.67,42.88,50.65,8.07,0.6777,INKLUSIF
Parepare,2018,306.04,11.35,95.73,4.65,13.55,640.81,777.25,266.2,303.39,340.33,383.0,449.62,12.43,358.22,304.13,229.0,143.7,4639.4,77.19,5.59,5.58,0.38,6.81,143.07,45.94,54.61,8.01,0.662,INKLUSIF
Parepare,2019,323.07,11.3,103.61,4.9,13.96,689.15,830.8,290.11,323.43,361.14,390.77,465.56,13.2,409.96,321.8,239.92,155.11,4947.79,77.62,5.26,6.65,0.35,6.17,144.45,50.06,61.59,7.62,0.7049,INKLUSIF
Parepare,2020,327.94,11.19,101.54,5.03,14.46,685.45,796.22,247.19,320.13,390.83,407.24,483.91,12.06,407.91,337.31,265.05,130.58,4944.03,77.86,5.44,-0.08,0.37,7.14,151.45,48.5,54.09,7.96,0.5906,CUKUP INKLUSIF
Parepare,2021,326.23,11.23,109.15,5.23,14.57,697.51,856.06,264.72,337.47,410.77,429.48,492.11,12.5,434.06,350.07,281.5,129.45,5162.1,78.21,5.4,4.41,0.38,6.72,153.38,51.03,55.69,7.93,0.6554,CUKUP INKLUSIF
Parepare,2022,326.32,11.24,118.24,5.45,14.56,728.3,941.08,309.55,362.35,415.83,425.72,499.26,13.32,452.03,378.08,303.15,163.96,5468.43,78.54,5.41,5.93,0.38,5.6,155.91,55.78,56.03,8.01,0.6821,INKLUSIF
Parepare,2023,338.31,11.33,121.04,5.75,14.6,759.04,990.62,330.06,388.1,435.79,403.73,522.58,14.0,448.24,409.29,315.75,172.6,5680.82,79.03,5.34,3.88,0.38,5.86,158.43,58.78,57.79,7.98,0.6563,CUKUP INKLUSIF
Parepare,2024,355.9,10.74,124.65,6.08,15.06,804.64,1045.27,353.57,403.0,463.98,403.34,541.44,14.19,464.93,433.67,340.83,188.49,5969.77,79.64,5.27,5.09,0.38,5.23,160.92,61.97,55.84,7.94,0.6814,INKLUSIF
Parepare,2025,380.75,0.89,132.01,5.99,15.41,808.63,1085.83,366.61,420.11,493.61,425.99,577.88,14.49,463.73,451.49,366.5,204.69,6214.61,81.5,4.44,4.1,0.34,4.98,163.4,65.02,51.6,6.73,0.716,INKLUSIF
Pinrang,2010,3228.41,111.79,407.72,6.85,0.62,626.34,785.34,182.66,55.38,149.81,112.78,206.3,10.22,328.44,239.6,86.49,56.63,6595.39,66.25,9.01,5.7,0.43,7.79,351.12,18.73,36.92,31.7,0.5072,CUKUP INKLUSIF
Pinrang,2011,3431.73,120.53,436.51,7.7,0.62,682.22,872.9,196.45,59.76,171.95,135.81,228.36,10.34,352.81,247.96,90.16,58.35,7104.14,66.96,8.12,7.71,0.42,6.55,355.31,21.25,36.84,28.9,0.5529,CUKUP INKLUSIF
Pinrang,2012,3636.81,139.83,479.98,8.63,0.62,749.49,999.77,215.12,66.52,202.74,157.3,252.42,10.47,373.03,256.77,98.7,60.69,7708.9,67.64,7.83,8.51,0.41,5.35,358.31,24.39,36.76,28.1,0.5798,CUKUP INKLUSIF
Pinrang,2013,3825.26,156.36,520.49,9.73,0.58,826.68,1110.5,231.74,71.45,237.31,172.9,269.34,10.86,389.92,266.75,107.4,62.32,8269.61,68.14,8.86,7.27,0.39,1.96,361.29,27.38,36.68,32.1,0.5811,CUKUP INKLUSIF
Pinrang,2014,4180.64,178.15,559.44,10.94,0.53,856.3,1234.56,252.5,78.45,249.34,182.31,289.64,10.92,398.83,275.35,116.86,65.73,8940.48,68.92,8.2,8.11,0.34,2.8,364.09,31.22,36.6,29.9,0.639,CUKUP INKLUSIF
Pinrang,2015,4556.39,197.48,598.25,11.32,0.53,911.36,1347.05,272.63,84.34,269.68,196.81,312.41,11.53,421.65,289.38,126.08,70.42,9677.33,69.24,8.34,8.24,0.41,4.85,366.58,35.83,36.52,30.51,0.5932,CUKUP INKLUSIF
Pinrang,2016,4892.69,223.06,647.62,11.91,0.54,967.71,1477.64,289.78,90.96,295.68,226.28,337.15,12.42,396.72,313.73,135.92,77.28,10397.11,69.42,8.48,7.44,0.38,4.85,369.49,39.78,36.44,31.28,0.605,CUKUP INKLUSIF
Pinrang,2017,5267.11,248.09,701.12,12.62,0.57,1031.81,1622.76,311.62,98.77,324.62,231.33,359.34,13.29,416.09,341.72,147.08,84.67,11212.62,69.9,8.46,7.84,0.31,4.41,372.03,43.95,36.36,31.43,0.6676,INKLUSIF
Pinrang,2018,5514.35,271.62,720.78,13.75,0.62,1104.63,1820.61,340.95,111.37,361.65,244.13,379.13,14.6,456.74,375.25,161.51,95.75,11987.44,70.62,8.81,6.91,0.36,3.04,374.46,48.29,36.15,32.94,0.6248,CUKUP INKLUSIF
Pinrang,2019,5700.35,296.88,794.07,15.32,0.63,1232.74,1989.82,375.41,122.2,401.28,249.46,400.74,15.63,490.08,406.61,177.19,101.66,12770.08,71.12,8.46,6.53,0.34,2.91,376.78,52.1,36.96,31.85,0.6391,CUKUP INKLUSIF
Pinrang,2020,5716.12,303.56,785.74,16.0,0.67,1243.77,1968.92,331.95,109.44,455.1,250.3,419.11,14.38,497.66,429.79,193.54,90.4,12826.45,71.26,8.86,0.44,0.38,4.19,403.99,49.84,33.93,33.56,0.5188,CUKUP INKLUSIF
Pinrang,2021,6009.18,321.63,829.31,17.07,0.7,1241.39,2099.01,362.37,118.31,486.32,262.24,428.87,15.15,532.49,444.02,206.65,97.77,13472.49,71.45,8.81,5.04,0.37,4.06,408.55,53.26,34.47,33.51,0.5981,CUKUP INKLUSIF
Pinrang,2022,6074.89,349.12,910.85,18.3,0.8,1326.74,2264.08,424.73,138.25,520.23,258.15,451.15,17.59,527.74,468.0,225.22,106.83,14082.65,71.97,8.79,4.53,0.36,2.79,413.97,57.41,33.32,33.64,0.6034,CUKUP INKLUSIF
Pinrang,2023,5956.37,382.05,936.55,19.18,0.9,1386.98,2408.83,464.9,157.83,549.97,251.31,477.89,19.29,528.99,486.51,242.5,118.92,14388.99,72.84,8.9,2.18,0.34,3.64,419.34,59.97,34.72,34.23,0.5919,CUKUP INKLUSIF
Pinrang,2024,6292.39,398.69,992.88,20.65,0.83,1462.33,2550.61,489.14,167.72,593.56,255.64,503.74,20.29,558.25,518.15,256.71,128.62,15210.21,73.55,8.55,5.71,0.3,3.12,424.65,62.77,38.68,33.04,0.6826,INKLUSIF
Pinrang,2025,6631.1,416.08,1067.31,20.36,0.84,1519.32,2699.96,522.33,180.69,626.43,273.51,537.85,21.65,571.42,539.79,273.53,141.4,16043.55,75.87,8.38,5.48,0.32,3.65,429.9,66.89,33.78,32.52,0.6899,INKLUSIF
Selayar,2010,775.08,12.2,64.13,2.41,2.38,284.16,162.4,41.1,4.6,52.67,16.86,31.04,0.25,194.49,117.55,36.99,8.99,1807.29,62.15,14.98,7.96,0.36,8.2,122.06,14.77,,18.3,0.5478,CUKUP INKLUSIF
Selayar,2011,850.34,13.59,67.83,2.63,2.74,312.47,171.44,44.72,4.82,57.99,20.71,33.66,0.29,210.57,126.46,37.93,9.64,1967.83,62.53,13.49,8.88,0.35,4.68,124.1,17.08,,16.7,0.5733,CUKUP INKLUSIF
Selayar,2012,906.78,15.98,71.12,2.94,3.06,349.43,188.8,48.2,5.11,64.48,24.5,36.5,0.33,217.81,137.0,40.45,10.33,2122.81,62.87,12.87,7.88,0.35,3.25,125.6,19.62,,16.2,0.5618,CUKUP INKLUSIF
Selayar,2013,967.72,17.62,76.4,3.18,3.34,396.7,203.42,52.39,5.42,71.89,28.02,39.68,0.38,229.42,146.81,43.05,10.91,2296.37,63.16,14.23,8.18,0.35,4.62,127.22,22.64,,18.2,0.5695,CUKUP INKLUSIF
Selayar,2014,1084.85,19.89,80.53,3.56,3.54,430.62,221.14,58.02,5.69,76.78,28.69,43.06,0.43,236.99,151.89,45.99,11.67,2503.35,63.66,13.13,9.01,0.34,2.1,128.74,27.14,,17.0,0.595,CUKUP INKLUSIF
Selayar,2015,1188.49,22.16,84.96,3.87,3.57,473.44,237.82,62.6,5.98,84.88,31.68,46.44,0.45,255.03,161.67,48.94,12.43,2724.4,64.32,12.94,8.83,0.35,0.9,130.08,31.86,,16.9,0.5921,CUKUP INKLUSIF
Selayar,2016,1296.94,24.42,90.95,4.32,3.78,521.08,261.44,68.41,6.53,92.46,36.49,49.92,0.49,227.79,173.13,52.89,13.69,2924.72,64.95,13.11,7.35,0.34,0.9,131.27,35.46,,17.21,0.5839,CUKUP INKLUSIF
Selayar,2017,1390.77,26.44,97.78,4.58,4.11,565.62,273.41,75.39,7.16,101.0,37.98,54.01,0.53,240.29,193.69,59.38,15.23,3147.39,65.39,13.28,7.61,0.33,2.34,132.31,39.27,,17.61,0.6,CUKUP INKLUSIF
Selayar,2018,1501.93,27.94,99.65,4.9,4.44,624.29,297.72,83.22,8.54,110.41,40.39,56.27,0.58,278.14,202.32,64.8,17.14,3422.67,66.04,13.13,8.75,0.34,1.88,133.31,43.62,41.78,17.59,0.6171,CUKUP INKLUSIF
Selayar,2019,1616.63,29.13,118.68,5.1,4.85,648.26,324.34,95.13,10.07,125.29,42.87,58.43,0.64,295.64,218.13,71.61,20.88,3685.67,66.91,12.83,7.68,0.3,1.1,134.29,47.99,43.11,17.36,0.6397,CUKUP INKLUSIF
Selayar,2020,1501.47,29.55,118.44,5.48,5.51,661.28,322.96,77.05,8.88,139.5,44.68,64.47,0.57,306.42,233.89,80.21,19.84,3620.2,67.38,12.48,-1.78,0.36,2.44,137.07,46.73,37.94,17.04,0.4571,CUKUP INKLUSIF
Selayar,2021,1550.58,31.6,124.49,5.71,5.51,688.54,340.01,84.74,9.24,141.47,44.97,65.27,0.57,319.14,244.96,87.76,20.99,3765.56,67.76,12.45,4.02,0.35,2.81,138.16,49.47,42.07,16.93,0.5568,CUKUP INKLUSIF
Selayar,2022,1591.13,34.02,133.48,5.76,5.74,719.95,366.73,94.63,10.49,143.78,45.17,65.74,0.58,312.04,257.68,95.22,21.64,3903.8,68.35,12.24,3.67,0.35,1.49,139.66,53.56,39.37,16.74,0.5579,CUKUP INKLUSIF
Selayar,2023,1643.05,35.22,138.53,6.21,5.75,744.81,384.71,99.21,11.03,153.05,46.46,68.95,0.6,318.64,268.07,100.31,22.77,4047.38,69.2,12.27,3.68,0.35,1.98,141.18,56.57,38.56,16.89,0.5674,CUKUP INKLUSIF
Selayar,2024,1665.77,35.2,146.21,6.44,5.79,760.5,406.5,101.61,11.71,160.46,47.59,71.53,0.64,344.33,282.98,109.64,25.44,4182.33,70.03,10.79,3.33,0.33,2.05,142.7,58.45,46.8,14.94,0.5858,CUKUP INKLUSIF
Selayar,2025,1720.33,35.47,156.77,6.45,5.93,779.41,430.74,107.79,12.52,165.64,50.16,74.85,0.67,365.39,293.79,115.4,27.59,4348.91,72.78,10.61,3.98,0.32,2.48,144.2,62.11,41.01,14.77,0.6332,CUKUP INKLUSIF
Sidrap,2010,1594.97,128.74,539.08,5.08,1.27,592.66,479.5,80.76,27.67,111.52,112.19,193.14,4.45,277.81,183.22,60.52,43.52,4436.09,65.54,6.99,6.24,0.38,8.76,271.91,16.26,32.216,19.0,0.5442,CUKUP INKLUSIF
Sidrap,2011,1869.12,161.42,674.86,5.7,1.47,714.1,564.12,88.95,31.06,125.76,134.21,222.22,5.23,325.36,214.02,69.05,47.9,5254.54,65.88,6.29,9.63,0.38,4.78,276.33,19.02,32.425,17.3,0.5995,CUKUP INKLUSIF
Sidrap,2012,2154.54,202.92,814.27,6.16,1.56,841.2,650.2,98.24,35.76,153.37,174.25,249.26,6.09,348.25,237.61,79.89,54.79,6108.34,66.19,6.0,8.93,0.37,6.99,279.81,21.83,32.634,16.9,0.5995,CUKUP INKLUSIF
Sidrap,2013,2362.31,251.07,959.59,6.26,1.68,993.43,714.9,114.34,40.93,180.23,206.76,288.59,7.1,377.08,276.57,91.98,63.22,6936.04,67.15,6.3,6.93,0.37,7.62,283.31,24.48,32.844,17.9,0.5797,CUKUP INKLUSIF
Sidrap,2014,2740.82,355.42,1145.91,6.9,1.8,1133.05,783.88,143.17,47.41,204.59,237.2,333.8,8.06,422.18,298.98,109.94,74.37,8047.48,68.14,5.82,7.87,0.35,6.2,286.61,28.08,32.723,16.7,0.6195,CUKUP INKLUSIF
Sidrap,2015,3102.91,441.34,1342.68,6.5,1.87,1322.84,887.81,187.93,54.97,227.61,275.68,387.15,9.35,512.12,333.39,129.25,85.9,9309.29,69.0,5.55,8.03,0.36,6.97,289.48,32.12,33.262,16.03,0.624,CUKUP INKLUSIF
Sidrap,2016,3741.2,521.82,1545.49,7.4,2.04,1545.08,993.8,206.58,62.09,247.22,327.49,435.21,11.05,489.61,383.64,150.62,100.12,10770.43,69.39,5.45,8.77,0.38,6.97,292.13,36.66,33.801,15.92,0.6249,CUKUP INKLUSIF
Sidrap,2017,4110.1,553.05,1698.89,9.09,2.35,1775.37,1109.26,220.6,70.24,269.79,357.93,478.2,12.26,539.89,429.19,166.18,112.49,11914.88,69.84,5.32,7.09,0.33,3.17,294.44,40.24,34.34,15.72,0.6409,CUKUP INKLUSIF
Sidrap,2018,4187.38,618.68,1764.38,10.0,2.59,2070.56,1272.85,253.42,84.39,308.12,388.1,522.49,14.12,633.72,484.76,190.88,130.95,12937.37,70.6,5.16,5.02,0.34,4.7,296.68,43.25,33.23,15.41,0.6104,CUKUP INKLUSIF
Sidrap,2019,4139.73,680.01,1884.54,10.83,2.66,2362.5,1451.38,296.71,101.78,359.27,408.69,562.97,16.26,705.64,548.75,212.45,149.55,13893.72,71.05,4.79,4.65,0.28,4.35,298.84,46.49,37.39,14.44,0.6537,CUKUP INKLUSIF
Sidrap,2020,2504.91,348.68,1104.24,11.35,2.0,1307.73,928.29,169.01,57.38,326.14,264.89,351.53,9.39,436.7,348.45,143.53,86.85,8401.06,71.21,5.05,-0.59,0.35,5.91,319.99,44.12,36.96,15.36,0.5246,CUKUP INKLUSIF
Sidrap,2021,2639.79,382.99,1182.95,12.58,2.07,1390.23,991.09,179.5,63.88,346.56,282.94,362.38,9.79,415.77,358.81,152.0,92.73,8866.07,71.54,5.04,5.54,0.36,4.93,322.16,47.34,35.17,15.25,0.614,CUKUP INKLUSIF
Sidrap,2022,2758.51,434.95,1434.8,14.79,2.29,1401.25,1128.0,210.8,78.11,384.15,270.55,411.9,11.21,411.7,381.64,159.87,107.19,9601.72,72.06,5.11,4.86,0.35,3.56,325.06,51.37,35.79,15.56,0.6167,CUKUP INKLUSIF
Sidrap,2023,2758.51,434.95,1434.8,14.79,2.29,1401.25,1128.0,210.8,78.11,384.15,270.55,411.9,11.21,411.7,381.64,159.87,107.19,9601.72,72.71,5.14,3.28,0.35,3.29,327.92,55.51,36.82,15.75,0.5998,CUKUP INKLUSIF
Sidrap,2024,2737.08,461.39,1502.32,15.48,2.47,1475.7,1199.8,225.28,82.09,413.58,275.84,436.51,12.58,448.6,404.97,175.1,121.49,9990.29,73.21,5.02,4.05,0.32,3.02,330.74,59.31,40.75,15.48,0.639,CUKUP INKLUSIF
Sidrap,2025,3030.07,473.08,1676.23,15.54,2.47,1522.63,1271.38,240.93,92.29,437.62,289.16,470.59,13.3,477.21,428.86,183.17,135.66,10760.17,75.49,4.91,7.71,0.33,3.36,333.5,65.15,35.37,15.2,0.7123,INKLUSIF
Sinjai,2010,1786.07,65.67,97.28,3.62,3.53,438.55,437.84,58.49,14.99,103.55,86.07,93.52,2.98,264.18,243.69,54.61,27.13,3781.77,61.31,10.68,5.89,0.39,3.81,228.88,16.47,19.72,24.5,0.4852,CUKUP INKLUSIF
Sinjai,2011,1884.53,71.73,106.3,4.06,3.94,480.22,475.27,63.84,16.03,116.51,103.36,101.5,3.1,277.58,272.0,60.06,28.98,4069.01,62.13,9.63,7.6,0.39,5.59,231.43,18.68,20.49,22.3,0.5202,CUKUP INKLUSIF
Sinjai,2012,1953.75,79.55,114.46,4.37,4.06,516.92,537.69,69.77,17.33,142.97,120.78,110.99,3.27,288.01,305.58,65.95,31.25,4366.71,62.74,9.29,7.32,0.39,2.84,233.2,21.13,21.25,21.7,0.5226,CUKUP INKLUSIF
Sinjai,2013,2070.29,87.39,123.87,5.15,4.47,568.95,589.95,74.06,18.47,173.27,134.28,117.06,3.41,298.45,331.79,72.94,32.88,4706.67,63.47,10.32,7.79,0.39,0.43,234.89,23.85,22.02,24.3,0.5377,CUKUP INKLUSIF
Sinjai,2014,2222.51,100.66,132.07,6.47,4.64,603.84,641.73,81.11,19.97,182.08,142.08,124.68,3.55,308.78,346.41,80.01,34.71,5035.3,63.83,9.56,6.98,0.38,0.9,236.5,27.42,22.78,22.6,0.5367,CUKUP INKLUSIF
Sinjai,2015,2393.76,111.49,140.62,6.36,4.67,646.21,691.45,85.2,21.11,196.77,153.59,132.45,3.7,331.39,373.1,86.44,37.06,5415.38,64.48,9.26,7.55,0.4,1.55,237.97,31.57,23.55,21.99,0.5379,CUKUP INKLUSIF
Sinjai,2016,2552.64,123.35,149.99,7.03,4.97,690.61,756.91,86.91,22.47,214.6,177.58,140.01,3.95,337.55,398.68,92.17,39.86,5799.31,65.36,9.41,7.09,0.43,1.55,239.51,34.61,24.31,22.51,0.5186,CUKUP INKLUSIF
Sinjai,2017,2724.07,138.9,161.38,7.44,5.33,736.32,829.0,93.08,24.49,232.21,180.77,149.7,4.3,353.93,434.29,99.9,43.56,6218.64,65.8,9.24,7.23,0.38,4.53,240.86,37.89,25.08,22.25,0.5621,CUKUP INKLUSIF
Sinjai,2018,2874.61,151.62,164.68,7.72,5.68,795.01,934.65,103.15,27.85,259.41,188.07,157.03,4.71,371.7,476.92,109.29,49.15,6681.25,66.24,9.28,7.44,0.37,2.14,242.13,41.88,24.27,22.48,0.5774,CUKUP INKLUSIF
Sinjai,2019,3004.24,158.61,184.2,8.25,6.09,812.04,1050.26,112.78,31.32,286.2,192.8,165.3,5.18,392.86,506.53,119.86,53.76,7090.28,67.05,9.14,6.12,0.35,2.17,243.32,45.05,27.76,22.27,0.5809,CUKUP INKLUSIF
Sinjai,2020,2965.28,173.94,177.37,8.72,6.54,905.91,1022.71,102.97,27.89,325.47,202.76,169.58,4.72,399.26,527.18,132.35,47.59,7200.23,67.6,9.0,1.55,0.37,2.65,259.48,43.74,27.4,22.06,0.5029,CUKUP INKLUSIF
Sinjai,2021,3163.88,178.13,185.96,9.11,7.14,899.3,1075.42,110.32,29.3,375.76,227.54,173.77,4.93,400.93,535.4,149.65,50.31,7576.83,67.75,8.84,5.23,0.38,2.61,261.69,46.99,28.33,21.69,0.5531,CUKUP INKLUSIF
Sinjai,2022,3351.96,166.96,202.83,9.3,7.04,890.2,1160.14,121.09,34.15,439.43,225.59,181.13,5.55,389.7,543.0,162.5,55.04,7945.62,68.33,8.8,4.87,0.36,1.8,264.62,51.13,29.02,21.67,0.5686,CUKUP INKLUSIF
Sinjai,2023,3526.96,180.58,209.22,9.72,7.79,949.39,1239.75,136.0,37.16,473.75,210.11,193.36,6.35,404.58,574.97,178.0,61.75,8399.43,68.92,8.55,5.71,0.35,1.69,267.54,55.29,29.39,21.14,0.5952,CUKUP INKLUSIF
Sinjai,2024,3720.3,177.67,222.6,9.99,7.97,1008.58,1322.77,148.15,41.4,527.64,203.65,202.34,7.03,402.05,590.69,191.73,67.14,8796.56,69.52,7.82,5.17,0.29,1.52,270.43,59.07,33.93,19.4,0.6375,CUKUP INKLUSIF
Sinjai,2025,3907.61,178.9,234.23,10.29,8.3,1067.77,1404.93,160.99,45.33,576.63,194.94,212.14,7.74,403.88,610.48,205.91,72.86,9207.86,72.76,7.41,6.05,0.33,2.1,273.3,64.46,28.1,18.44,0.6571,CUKUP INKLUSIF
Soppeng,2010,1187.6,107.96,317.56,4.32,2.5,465.53,484.58,98.45,55.29,108.45,90.64,168.95,5.92,299.13,225.72,67.63,26.61,3716.82,63.51,10.41,6.32,0.66,8.32,223.83,16.55,23.35,23.3,0.3183,TIDAK INKLUSIF
Soppeng,2011,1265.77,117.19,345.41,4.79,2.8,494.55,518.4,107.88,62.04,122.63,104.57,185.71,7.55,311.21,231.68,72.89,28.35,3983.42,63.8,9.36,7.17,0.62,5.16,224.8,19.05,24.11,21.2,0.3637,CUKUP INKLUSIF
Soppeng,2012,1291.91,129.06,379.56,5.44,2.81,540.02,589.75,116.98,65.29,139.88,123.33,203.53,8.68,315.33,240.75,76.9,30.35,4259.55,64.05,9.12,6.93,0.57,6.15,225.18,21.15,24.88,20.6,0.3993,CUKUP INKLUSIF
Soppeng,2013,1329.29,138.27,444.35,5.87,3.03,597.98,627.62,126.45,69.93,163.68,131.46,224.42,10.19,322.64,260.26,80.32,31.77,4567.54,64.43,9.43,7.23,0.53,6.56,225.51,23.95,25.64,21.3,0.4373,CUKUP INKLUSIF
Soppeng,2014,1429.53,151.3,496.64,6.2,3.06,610.3,670.91,138.29,76.1,164.74,143.88,252.75,10.69,333.13,274.03,87.1,33.54,4882.19,64.74,8.76,6.89,0.49,2.4,225.71,27.35,26.41,19.8,0.4648,CUKUP INKLUSIF
Soppeng,2015,1450.64,158.53,529.14,6.69,3.08,644.8,718.74,150.81,80.32,181.93,152.0,272.69,11.32,350.01,289.84,95.08,36.1,5131.72,65.33,8.36,5.11,0.44,2.96,226.06,30.27,27.17,18.88,0.4808,CUKUP INKLUSIF
Soppeng,2016,1613.11,175.71,564.5,7.24,3.16,672.42,789.09,160.05,86.68,201.08,169.58,280.59,12.29,351.95,317.76,103.5,38.99,5547.69,65.95,8.45,8.11,0.4,2.96,226.87,34.89,27.94,19.12,0.5625,CUKUP INKLUSIF
Soppeng,2017,1757.02,189.23,621.78,7.62,3.39,728.66,860.58,172.64,95.68,225.2,174.71,290.11,13.25,369.22,342.2,113.58,42.58,6007.46,66.67,8.29,8.29,0.36,2.71,227.54,39.19,28.7,18.76,0.6024,CUKUP INKLUSIF
Soppeng,2018,1896.93,207.35,657.2,8.07,3.71,793.82,943.56,190.02,107.25,245.82,185.2,306.76,14.57,385.07,376.71,124.17,48.18,6494.39,67.6,7.5,8.11,0.36,2.66,228.15,44.12,28.25,17.0,0.6099,CUKUP INKLUSIF
Soppeng,2019,1946.89,228.34,710.99,8.63,3.92,876.61,1047.94,209.47,120.54,273.09,196.58,324.7,16.05,423.6,415.97,136.05,54.18,6993.53,68.26,7.25,7.69,0.39,3.24,228.69,47.83,33.47,16.45,0.5888,CUKUP INKLUSIF
Soppeng,2020,1995.49,237.15,691.96,9.14,4.13,916.15,1005.66,196.82,117.07,305.15,213.34,337.56,15.18,438.88,461.39,150.43,51.17,7146.65,68.67,7.59,2.19,0.4,4.42,235.17,48.42,27.1,17.23,0.5024,CUKUP INKLUSIF
Soppeng,2021,2017.7,246.97,753.02,9.76,4.38,1007.67,1092.25,216.8,131.96,341.95,222.31,351.63,16.75,440.35,511.91,166.01,54.57,7585.98,68.99,7.53,6.15,0.41,3.92,235.96,52.67,31.13,17.27,0.5587,CUKUP INKLUSIF
Soppeng,2022,2098.08,258.01,817.72,10.25,4.73,1109.34,1152.25,239.17,144.91,358.15,227.06,364.92,18.48,448.15,567.4,177.27,58.5,8054.42,69.7,7.49,6.18,0.39,3.4,237.12,57.95,33.91,17.21,0.5816,CUKUP INKLUSIF
Soppeng,2023,2034.78,256.8,909.24,10.9,4.74,1179.79,1263.13,271.34,158.32,370.33,226.01,369.41,18.93,435.78,577.45,177.23,58.36,8322.53,70.58,7.48,3.33,0.39,4.34,238.24,62.58,35.85,17.21,0.548,CUKUP INKLUSIF
Soppeng,2024,2125.25,268.96,955.72,11.23,4.62,1167.99,1343.13,284.48,158.46,392.75,236.75,388.9,19.93,439.21,619.5,182.29,61.5,8660.66,71.39,6.9,4.06,0.38,3.33,239.36,67.26,35.82,15.9,0.5753,CUKUP INKLUSIF
Soppeng,2025,2263.44,266.44,1017.78,11.68,4.5,1127.31,1410.2,306.2,171.86,419.16,255.16,412.73,19.93,449.49,677.06,197.33,63.32,9073.58,73.69,6.65,4.77,0.33,4.01,240.4,72.36,31.6,15.34,0.6479,CUKUP INKLUSIF
Takalar,2010,1482.09,50.78,222.14,5.18,2.16,249.46,426.32,104.57,12.52,142.5,50.42,199.51,0.29,258.75,58.21,47.74,9.03,3321.67,60.23,11.16,8.66,0.34,7.57,269.6,12.28,34.49,30.1,0.552,CUKUP INKLUSIF
Takalar,2011,1617.33,53.55,234.01,5.85,2.42,265.58,459.28,113.44,13.08,151.15,48.95,213.0,0.3,273.26,62.75,50.29,9.66,3573.9,60.83,10.04,7.59,0.35,5.54,273.89,13.88,34.87,27.4,0.535,CUKUP INKLUSIF
Takalar,2012,1715.82,57.65,246.57,6.82,2.51,280.66,509.55,122.01,13.82,160.89,51.22,229.08,0.32,284.95,64.15,52.89,10.22,3809.14,61.66,9.6,6.58,0.35,6.21,277.22,15.75,35.25,26.7,0.5288,CUKUP INKLUSIF
Takalar,2013,1889.08,62.92,262.72,7.16,2.55,305.27,557.06,128.72,14.63,172.34,57.0,251.3,0.32,300.24,67.18,54.93,10.85,4144.29,62.58,10.42,8.8,0.36,2.73,280.59,17.83,35.63,29.3,0.5653,CUKUP INKLUSIF
Takalar,2014,2130.33,71.53,279.91,8.21,2.74,322.28,618.79,139.16,15.38,178.38,59.28,275.95,0.33,307.88,68.32,58.52,11.63,4548.62,63.53,9.62,9.76,0.34,2.7,283.76,20.73,36.01,27.4,0.6049,CUKUP INKLUSIF
Takalar,2015,2336.14,77.15,295.39,7.98,2.75,342.97,662.53,148.08,16.1,194.83,63.86,297.37,0.33,340.48,71.76,61.56,12.26,4931.54,64.07,9.48,8.42,0.38,4.04,286.6,23.78,36.38,27.12,0.5612,CUKUP INKLUSIF
Takalar,2016,2589.74,84.19,312.94,8.82,2.82,373.53,725.74,159.25,17.43,214.53,71.92,321.93,0.34,370.48,74.82,63.86,12.99,5405.32,64.96,9.35,9.61,0.4,4.04,289.0,26.73,36.76,27.05,0.5744,CUKUP INKLUSIF
Takalar,2017,2774.42,91.44,328.42,9.38,3.01,408.52,790.54,172.96,19.05,236.23,76.33,349.72,0.37,382.85,79.82,66.79,14.09,5803.94,65.48,9.24,7.37,0.35,4.93,291.11,29.21,37.14,26.99,0.5827,CUKUP INKLUSIF
Takalar,2018,2956.53,97.3,332.54,10.05,3.24,434.25,873.33,189.73,21.41,252.77,80.16,365.04,0.41,402.36,86.78,68.94,15.84,6190.67,66.07,9.0,6.66,0.36,3.88,293.14,31.51,33.26,26.57,0.571,CUKUP INKLUSIF
Takalar,2019,3121.4,103.54,366.37,11.49,3.36,458.05,949.19,206.02,23.23,274.31,84.45,386.11,0.45,446.85,92.03,72.55,16.86,6616.25,66.94,8.7,6.87,0.48,3.78,295.08,34.42,45.07,25.93,0.496,CUKUP INKLUSIF
Takalar,2020,3072.89,106.41,358.77,11.77,3.65,453.33,935.77,197.97,21.58,302.93,90.1,383.44,0.43,445.52,96.13,79.84,15.22,6575.76,67.31,8.44,-0.61,0.36,4.16,300.85,34.03,36.38,25.38,0.4742,CUKUP INKLUSIF
Takalar,2021,3297.61,109.76,366.41,12.0,3.86,465.14,975.04,204.25,22.36,313.53,96.58,387.56,0.43,450.18,100.69,87.17,15.47,6908.05,67.72,8.25,5.05,0.37,3.93,304.17,36.58,40.99,24.6,0.5574,CUKUP INKLUSIF
Takalar,2022,3413.74,112.54,398.09,12.22,4.19,488.56,1029.75,219.22,24.06,330.52,97.03,410.21,0.47,472.03,102.75,96.51,16.5,7228.4,68.31,8.25,4.64,0.38,2.63,308.53,39.73,33.87,24.75,0.5503,CUKUP INKLUSIF
Takalar,2023,3543.31,120.58,409.99,12.76,4.35,513.27,1075.53,230.35,25.87,351.94,95.02,434.56,0.51,458.92,108.02,103.87,18.22,7507.06,68.9,8.29,3.86,0.37,3.58,312.81,41.14,39.79,25.01,0.5522,CUKUP INKLUSIF
Takalar,2024,3675.77,122.42,426.87,13.3,4.54,528.14,1132.75,245.35,27.7,374.63,96.35,459.95,0.52,478.44,115.7,109.66,20.83,7832.92,69.47,7.75,4.34,0.39,3.84,317.02,42.36,41.42,23.51,0.5511,CUKUP INKLUSIF
Takalar,2025,3883.55,130.73,435.68,13.69,4.68,534.2,1187.89,255.66,29.05,391.19,99.6,499.67,0.55,477.57,118.28,116.19,23.39,8201.59,72.79,7.27,4.71,0.34,3.76,321.1,44.81,39.96,22.17,0.6298,CUKUP INKLUSIF
Tana Toraja,2010,678.03,29.72,164.67,3.63,3.21,271.38,378.21,48.74,31.56,102.98,46.78,110.67,2.25,269.76,135.88,59.74,49.92,2387.1,62.83,14.61,7.67,0.51,3.88,221.08,10.76,12.56,32.5,0.4411,CUKUP INKLUSIF
Tana Toraja,2011,734.58,31.08,176.02,4.01,3.57,296.89,406.74,52.72,33.62,113.21,55.77,117.74,2.35,283.83,143.88,64.32,52.6,2572.92,63.22,13.22,7.78,0.48,5.56,223.28,12.54,11.58,29.6,0.469,CUKUP INKLUSIF
Tana Toraja,2012,770.58,32.96,187.83,4.88,3.82,325.91,466.71,57.83,37.4,135.94,66.42,125.97,2.57,295.09,153.98,69.93,55.91,2793.72,63.96,12.73,8.58,0.45,4.63,224.81,14.38,11.6,28.7,0.5112,CUKUP INKLUSIF
Tana Toraja,2013,788.51,36.38,203.96,4.99,4.05,360.97,514.6,65.68,41.22,154.69,76.52,133.86,2.75,308.72,164.99,75.03,57.55,2994.47,64.55,13.81,7.19,0.42,3.26,226.21,16.28,10.63,31.3,0.5185,CUKUP INKLUSIF
Tana Toraja,2014,840.95,41.32,216.16,6.02,4.16,373.8,569.04,71.97,44.79,163.45,82.5,144.99,2.89,316.26,173.97,83.94,61.9,3198.12,65.08,12.77,6.8,0.4,3.3,227.59,18.79,11.65,29.1,0.533,CUKUP INKLUSIF
Tana Toraja,2015,880.96,45.21,233.83,5.36,4.19,391.18,618.07,79.61,47.95,179.08,90.77,157.79,3.07,335.31,186.11,91.01,67.79,3417.3,65.75,12.46,6.85,0.37,3.99,228.78,21.43,12.67,28.59,0.5631,CUKUP INKLUSIF
Tana Toraja,2016,941.59,47.92,259.58,6.65,4.36,427.39,682.14,84.21,51.69,195.54,103.79,171.94,3.25,316.04,198.21,99.05,73.15,3666.48,66.25,12.36,7.29,0.31,3.99,230.89,23.72,13.7,28.42,0.6192,CUKUP INKLUSIF
Tana Toraja,2017,998.56,51.93,285.57,7.02,4.72,463.2,742.37,90.81,57.16,213.68,107.37,180.99,3.48,332.1,213.92,107.05,80.59,3940.52,66.82,12.62,7.47,0.32,5.6,232.74,26.15,14.72,29.18,0.6208,CUKUP INKLUSIF
Tana Toraja,2018,1052.66,55.46,296.28,7.62,5.1,491.65,815.53,100.05,63.24,231.52,115.53,188.97,3.74,383.57,233.65,116.74,89.95,4251.26,67.66,12.75,7.89,0.37,3.07,234.53,29.31,19.71,29.65,0.5999,CUKUP INKLUSIF
Tana Toraja,2019,1049.56,59.84,343.52,8.18,5.38,539.02,889.16,111.03,68.4,256.81,121.62,203.89,3.96,415.42,254.6,128.0,99.8,4558.14,68.25,12.35,7.22,0.36,2.55,236.25,31.66,22.86,28.87,0.6035,CUKUP INKLUSIF
Tana Toraja,2020,1039.75,58.78,327.73,8.58,5.75,521.49,870.28,100.01,62.35,286.88,123.45,221.89,3.78,412.83,268.87,141.09,91.77,4545.29,68.75,12.1,-0.28,0.35,2.6,280.79,27.1,12.59,28.41,0.5023,CUKUP INKLUSIF
Tana Toraja,2021,1105.43,59.54,352.25,9.22,5.98,535.69,944.99,111.64,66.96,306.71,127.71,230.38,3.98,388.77,279.79,152.76,99.19,4780.98,69.49,12.27,5.19,0.38,3.09,283.44,28.53,11.51,29.33,0.5716,CUKUP INKLUSIF
Tana Toraja,2022,1110.52,62.17,385.3,10.9,6.4,552.62,1031.81,130.37,78.41,318.8,133.4,247.13,4.14,385.08,295.46,167.14,106.14,5025.78,69.88,12.18,5.12,0.36,2.32,286.45,30.57,17.08,29.31,0.5894,CUKUP INKLUSIF
Tana Toraja,2023,1113.02,66.25,389.55,11.28,6.68,580.38,1098.91,140.2,81.34,342.44,142.04,263.05,4.44,371.49,299.5,181.91,117.08,5209.56,70.73,12.48,3.66,0.35,3.37,289.45,32.38,20.16,30.23,0.5839,CUKUP INKLUSIF
Tana Toraja,2024,1106.69,69.46,415.54,11.94,6.78,594.56,1200.37,147.51,88.49,369.52,150.95,278.17,4.36,402.18,313.74,189.51,130.66,5480.43,71.67,10.79,5.2,0.32,3.98,292.42,34.74,22.41,26.3,0.6396,CUKUP INKLUSIF
Tana Toraja,2025,1211.82,66.84,446.08,12.07,7.31,592.44,1262.6,162.22,91.73,395.8,159.81,302.08,4.76,399.74,311.6,183.67,144.19,5754.77,72.77,10.54,5.01,0.32,3.44,295.4,36.98,28.27,25.82,0.6487,CUKUP INKLUSIF
Toraja Utara,2010,638.1,15.77,156.07,3.26,3.39,360.69,478.98,69.17,40.66,90.16,64.04,116.45,2.09,165.61,201.23,62.4,37.63,2505.71,63.51,19.08,7.34,0.465,8.79,216.76,11.52,16.6,41.1,0.4765,CUKUP INKLUSIF
Toraja Utara,2011,658.1,17.51,170.38,3.49,3.98,392.82,533.04,77.18,44.3,105.34,78.16,128.17,2.15,174.6,217.84,67.09,40.99,2715.13,64.48,17.06,8.36,0.461,6.05,219.08,13.53,17.17,37.4,0.5055,CUKUP INKLUSIF
Toraja Utara,2012,678.75,20.1,186.75,4.2,4.59,429.69,612.28,96.17,49.98,127.65,93.44,139.22,2.23,177.15,233.26,72.33,43.93,2971.71,64.89,16.28,9.45,0.46,5.08,220.78,16.06,17.73,36.0,0.5273,CUKUP INKLUSIF
Toraja Utara,2013,688.06,22.81,204.02,4.71,5.65,478.6,677.08,125.7,65.53,163.26,104.81,161.68,2.37,184.38,248.87,75.8,47.8,3261.13,65.65,16.53,9.74,0.451,2.82,222.39,19.02,18.3,36.8,0.5467,CUKUP INKLUSIF
Toraja Utara,2014,710.91,25.83,224.97,5.8,6.02,507.95,749.17,141.15,75.25,174.14,116.16,181.56,2.55,190.43,265.36,82.04,51.07,3510.36,66.15,15.1,7.64,0.45,3.7,224.0,22.46,18.87,33.9,0.521,CUKUP INKLUSIF
Toraja Utara,2015,717.09,29.87,241.85,5.59,6.04,573.11,825.52,162.21,84.0,190.5,128.88,190.1,2.69,210.23,271.7,88.43,54.99,3782.8,66.76,15.19,7.76,0.38,3.11,225.36,26.1,19.44,34.37,0.5807,CUKUP INKLUSIF
Toraja Utara,2016,746.29,35.91,268.99,6.23,6.18,608.83,929.35,177.5,94.25,212.22,149.46,200.07,2.88,204.05,290.62,96.06,56.83,4085.69,67.49,14.57,8.01,0.37,3.11,227.67,29.91,20.01,33.02,0.5998,CUKUP INKLUSIF
Toraja Utara,2017,767.94,43.31,301.81,6.59,6.48,645.98,1048.1,197.88,112.17,237.26,157.48,207.86,3.03,215.22,305.07,103.82,61.67,4421.68,67.9,14.41,8.22,0.41,4.24,229.71,33.8,20.58,32.85,0.5782,CUKUP INKLUSIF
Toraja Utara,2018,781.89,50.81,335.93,7.0,6.87,687.58,1136.7,216.17,128.28,265.53,168.47,217.77,3.36,257.26,325.56,119.31,70.04,4778.53,68.49,13.37,8.07,0.41,2.88,231.69,37.84,20.59,30.68,0.5824,CUKUP INKLUSIF
Toraja Utara,2019,794.32,61.05,368.6,7.85,7.2,740.16,1237.75,242.61,144.57,293.39,181.51,230.97,3.6,287.9,338.39,125.83,74.3,5140.01,69.23,12.41,7.56,0.38,2.86,233.6,41.08,24.19,28.64,0.6047,CUKUP INKLUSIF
Toraja Utara,2020,785.75,60.71,355.83,8.21,8.14,738.86,1235.11,217.64,138.67,328.58,191.42,237.24,3.35,286.8,350.0,133.16,69.1,5148.55,69.33,12.01,0.17,0.384,3.17,261.09,37.37,21.52,27.88,0.4906,CUKUP INKLUSIF
Toraja Utara,2021,831.01,62.55,375.75,8.58,8.35,738.64,1294.66,231.12,145.7,347.84,204.86,243.55,3.45,299.16,355.0,134.57,72.36,5357.13,69.75,11.99,4.05,0.372,2.61,264.44,39.12,23.35,28.39,0.563,CUKUP INKLUSIF
Toraja Utara,2022,878.67,61.35,416.84,8.85,9.56,746.14,1366.66,257.39,167.03,368.05,213.05,246.42,3.98,310.27,361.5,143.12,80.49,5639.38,70.36,11.65,5.27,0.356,1.99,268.88,42.07,21.46,27.79,0.5999,CUKUP INKLUSIF
Toraja Utara,2023,894.67,63.41,428.18,9.4,10.01,771.74,1439.94,283.67,181.38,381.21,211.23,251.57,4.44,319.71,370.06,151.83,88.85,5861.32,71.23,12.12,3.94,0.348,2.6,273.34,45.03,19.85,29.14,0.5951,CUKUP INKLUSIF
Toraja Utara,2024,911.31,65.76,443.22,9.59,10.62,770.85,1518.29,299.16,188.54,405.3,223.16,266.1,4.42,360.8,391.91,159.09,96.23,6124.34,71.85,10.73,4.49,0.316,2.44,277.79,47.73,29.88,25.97,0.6337,CUKUP INKLUSIF
Toraja Utara,2025,976.35,67.48,475.92,9.88,10.72,799.38,1592.1,316.54,197.12,423.79,247.91,285.97,4.59,371.23,404.88,167.14,101.38,6452.38,73.24,10.05,5.36,0.285,2.01,282.2,50.63,24.35,24.48,0.6848,INKLUSIF
Wajo,2010,2245.92,1893.0,278.48,7.12,3.29,551.07,1129.8,233.86,22.75,115.01,155.46,195.16,6.91,332.87,237.31,82.67,29.46,7520.13,63.07,8.96,5.85,0.33,4.79,385.11,19.47,21.44,34.5,0.5478,CUKUP INKLUSIF
Wajo,2011,2783.49,2125.64,318.73,7.99,3.85,706.74,1337.96,264.3,26.38,131.45,186.48,228.61,8.3,383.77,290.95,106.59,33.78,8945.02,64.0,8.06,10.11,0.329,7.45,387.81,23.07,22.15,31.4,0.6235,CUKUP INKLUSIF
Wajo,2012,3281.34,2243.66,351.57,8.4,3.9,860.14,1504.88,291.91,31.09,153.91,238.27,275.44,9.92,422.85,328.07,123.56,37.77,10166.67,64.88,7.83,6.5,0.326,3.13,389.28,26.12,22.86,30.5,0.5804,CUKUP INKLUSIF
Wajo,2013,3723.44,2544.74,400.37,8.95,4.0,1060.65,1634.51,344.12,36.2,176.58,280.53,350.71,12.41,468.29,391.57,147.78,44.28,11629.14,65.79,8.17,6.92,0.321,3.72,390.6,29.77,23.56,31.9,0.6005,CUKUP INKLUSIF
Wajo,2014,4442.16,3100.09,468.86,9.6,4.25,1220.54,1821.24,412.1,41.75,185.21,313.1,424.44,14.31,522.49,443.01,179.71,52.52,13655.38,66.49,7.74,9.67,0.319,4.9,391.98,34.84,24.27,30.3,0.6514,CUKUP INKLUSIF
Wajo,2015,3358.02,2525.2,389.2,11.69,3.89,949.92,1651.37,358.06,35.97,193.51,256.91,352.15,12.06,432.77,362.04,135.6,43.3,11071.65,66.9,7.66,7.06,0.379,5.39,393.13,38.45,24.97,30.08,0.5723,CUKUP INKLUSIF
Wajo,2016,3646.14,2410.22,419.52,12.39,4.02,1010.18,1796.89,376.06,38.73,211.62,303.16,375.28,13.0,427.36,389.63,146.17,47.04,23853.17,67.52,7.47,4.96,0.341,5.39,395.78,41.94,25.68,29.46,0.575,CUKUP INKLUSIF
Wajo,2017,3865.47,2408.56,445.93,13.06,4.3,1071.74,1939.31,403.19,41.95,234.62,303.16,398.25,14.02,447.35,423.56,158.81,52.48,24583.12,68.18,7.38,5.21,0.353,3.06,398.08,45.08,26.38,29.19,0.5773,CUKUP INKLUSIF
Wajo,2018,3931.12,2039.38,470.77,13.97,4.65,1135.4,2097.93,441.89,46.42,262.17,308.28,419.44,15.54,473.8,463.86,173.46,59.28,12357.35,68.57,7.5,1.08,0.369,3.79,400.26,47.15,30.89,29.73,0.5071,CUKUP INKLUSIF
Wajo,2019,3861.95,2208.68,492.6,15.07,4.9,1177.05,2216.2,482.35,49.39,290.97,310.13,444.17,17.16,543.35,492.36,188.22,63.89,12858.45,69.05,6.91,4.06,0.347,3.0,402.32,49.31,27.95,27.48,0.5737,CUKUP INKLUSIF
Wajo,2020,3883.96,2045.84,487.37,15.93,5.41,1169.63,2193.01,443.2,47.87,329.09,328.67,438.13,16.18,539.37,505.6,197.31,61.77,12708.31,69.15,6.95,-1.17,0.355,4.33,379.08,52.16,26.81,27.69,0.4895,CUKUP INKLUSIF
Wajo,2021,4116.95,2279.98,511.57,16.67,5.9,1205.42,2318.85,475.35,53.81,361.67,373.87,478.0,17.8,545.94,529.36,212.15,66.0,13569.28,69.62,6.46,6.77,0.361,4.32,381.2,58.55,27.21,26.22,0.6109,CUKUP INKLUSIF
Wajo,2022,4462.63,1998.06,548.61,17.47,6.13,1177.7,2455.66,513.75,59.97,379.75,375.16,496.16,16.57,534.7,558.21,219.28,71.98,13891.79,70.26,6.57,2.38,0.375,2.54,383.93,63.43,27.85,26.75,0.541,CUKUP INKLUSIF
Wajo,2023,4260.85,2047.5,581.58,18.41,6.45,1202.96,2637.76,529.72,64.24,397.87,359.14,539.55,17.6,542.12,577.39,228.27,79.37,14090.79,71.1,6.73,1.43,0.362,2.1,386.54,63.61,28.37,27.54,0.5453,CUKUP INKLUSIF
Wajo,2024,4367.44,2160.91,610.37,19.17,6.83,1219.5,2783.63,547.89,71.49,419.91,359.83,570.26,18.06,571.4,651.08,256.2,93.17,14727.12,71.52,6.47,4.52,0.369,2.31,389.05,66.71,30.78,26.57,0.5917,CUKUP INKLUSIF
Wajo,2025,4680.6,2438.91,664.16,19.96,6.99,1299.8,2905.28,548.98,80.35,443.57,383.64,604.35,18.85,569.88,725.11,282.57,108.91,15781.92,74.72,5.86,7.16,0.356,3.47,391.5,73.46,36.57,24.15,0.6765,INKLUSIF
