kabupaten,tahun,Pelayanan_Umum,Ketertiban_aman,Ekonomi,Lingk_hidup,Perum_Fasum,Kesehatan,Pariwisata,Pendidikan,Perlindungan_Sosial,Total,A_Pertanian_KP,B_Pertambangan,C_Industri_Pengolahan,D_Pengadaan_LG,E_Pengadaan_Air_dll,F_Konstruksi,G_Perdagangan_Besar_dll,H_Transportasi,I_Penyediaan_AkMamin,J_Infokom,K_Jasa_Keuangan,L_Real_Estate,M_N_Jasa_Perusahaan,O_Administrasi_Pem,P_Jasa_Pendidikan,Q_Jasa_KesSos,R_S_T_U_Jasa_Lain,PDRB,ipm,miskin,pertumbuhan,gini,unemploy,pop_ribujiwa,pdrb_perkap,pct_formal,pend_miskin
Bantaeng,2014,140.4108815,4.591905109,59.81011349,32.77539282,50.74331658,81.13398633,6.241065389,239.171063,7.753773715,622.631498,1302.07,90.38,182.07,4.9,3.33,576.72,564.15,45.59,29.75,103.32,88.11,208.92,5.02,248.55,222.02,90.52,53.87,3819.28,65.77,9.68,8.33,0.46,2.4,182.28,27.23,45.44,17.7
Bantaeng,2015,196.8562111,7.505482334,76.31541542,20.26878841,93.44436184,131.8602752,7.273553924,236.2039436,5.667734301,775.3957661,1307.02,116.97,196.86,5.4,3.37,600.44,657.08,53.95,33.15,113.31,93.16,231.45,5.34,258.17,232.02,105.95,59.44,4073.06,66.2,9.53,6.64,0.44,4.07,183.24,30.42,40.83,17.55
Bantaeng,2016,93.51720326,154.1659884,7.408620542,37.31220654,11.59168773,242.1752153,248.0606251,10.94057926,151.8209831,956.9931093,1411.06,130.11,205.94,5.97,3.79,643.74,693.87,54.91,34.43,126.99,105.68,240.25,5.64,290.87,253,106.51,61.46,4374.21,66.59,9.51,7.39,0.38,4.07,184.46,34.13,36.23,17.53
Bantaeng,2018,283.5302969,8.814454362,52.17179563,12.59073959,135.5965142,202.6825384,7.729335065,215.7637772,9.740101323,928.6195527,1565.71,158.27,258.13,6.75,4.27,777.82,836.71,61.81,42.66,150.84,115.17,259.58,6.61,338.91,296.55,120.52,75.54,5075.84,67.76,9.23,8.13,0.34,3.69,186.53,41.63,31.63,17.2
Bantaeng,2019,266.0746122,11.6322431,89.36908157,13.14376027,92.06208044,204.7193185,7.431198375,344.596788,0,1029.029082,1636.81,166.15,435.86,10.1,4.52,840.11,926.04,67.03,46.15,165.74,120.59,278.39,7.05,380.71,323.51,130.28,82.46,5621.52,68.3,9.03,10.75,0.34,3.65,187.47,46.84,30.09,16.91
Bantaeng,2020,249.2047093,10.09051806,79.9523095,11.49990118,60.88426891,184.2811388,8.650488886,331.0488277,0,935.6121623,1635.81,176.8,394.44,9.86,4.69,842.01,903.81,64.22,48.49,195.06,130.34,297.23,6.82,377.52,335.83,152.4,75.19,5650.54,68.73,8.95,0.52,0.34,4.27,196.72,45.68,22.4,16.84
Bantaeng,2021,231.0308691,17.4615604,114.8764939,13.68247881,8.932426664,273.7917187,7.641468011,283.4930555,11.84212925,962.7522004,1707.17,187.79,567.07,16.69,4.69,934.93,970.09,68.58,50.78,207.75,138.37,311.85,7.08,380.65,351.58,164.39,82,6151.45,68.99,9.41,8.86,0.33,4.07,198.5,50.79,24.23,17.78
Bantaeng,2022,261.0130036,15.43579,152.1334762,26.96611877,29.20186107,262.7083917,6.343915252,248.6719998,8.737887958,1011.212444,1713.14,196.43,1263.92,38.02,4.89,977.98,1062.62,77.4,58.37,222.4,140.46,326.24,7.92,378.84,366.68,177.22,89.51,7102.04,69.69,9.07,15.45,0.32,2.72,200.84,60.57,31.06,17.22
Bantaeng,2023,256.5859197,34.49603883,126.3429293,16.98865541,15.79507361,244.3068275,5.928851352,287.6834391,8.154414386,996.2821492,1673.29,224.18,1465.04,46.45,5.18,1044.72,1115.63,83.85,59.91,219.96,137.08,351.02,8.56,377.23,398.93,193.54,92.09,7496.65,70.57,9.18,5.56,0.34,3.71,203.14,62.78,27.09,17.49
Bantaeng,2024,257.2805057,0,0,0,0,312.0422388,3.514466452,330.5772082,0,811.4400792,1723.44,232.09,1487.94,43.03,5.29,1058.62,1197.85,89.86,64.79,235.33,143.14,374.51,9,414.16,438.56,201.71,104.17,7823.49,71.48,8.26,4.36,0.25,2.57,205.42,65.48,28.13,15.8
Bantaeng,2025,270.058031,0,0,0,0,297.2997932,2.658158123,332.6724,0,828.2050536,1843.76,240.33,1256.34,26.94,5.45,1119.57,1288.53,99.36,72.57,263.49,157.43,411.29,9.72,413.55,479.8,220.43,115.05,8023.6,73.12,7.68,2.56,0.27,3.74,207.7,68.61,31.89,14.74
Barru,2014,136.7251411,7.828294257,47.01467933,2.960875115,74.67803611,80.60961916,4.156527938,279.2496363,6.364547173,639.5873565,1305.89,105.94,190.83,4.71,3.75,507.4,325.13,79.48,32.5,178.39,91.81,115.24,0.91,279.46,141.53,89.53,22.28,3474.78,67.94,9.74,7.35,0.37,2.3,170.32,26.03,8.84,16.6
Barru,2015,203.369495,8.22042387,55.46134945,6.966581235,150.2324118,122.368202,5.582941375,320.4772191,10.96175882,883.6403826,1368.22,115.48,200.42,4.68,3.76,537.84,357.57,85.2,34.99,193.05,99.66,125.61,0.93,297.07,152.31,93.06,24.38,3694.24,68.64,9.42,6.32,0.38,7.68,171.14,28.87,26.6,16.1
Barru,2017,216.1263563,13.53511888,47.88659043,247.2654223,5.673765553,167.096548,4.520936401,296.1979201,8.35677232,1006.65943,1501.21,125.04,222.58,5.7,4.28,648.67,422.9,98.83,39.17,232.78,117.76,145.36,1.04,309.79,165.05,102.55,27.29,27.29,69.56,9.71,6.48,0.39,5.6,172.69,34.51,16.23,16.76
Barru,2018,273.6019619,8.897256205,43.06434235,8.510312564,201.2048502,152.0921182,6.253764175,284.7096082,14.32187237,992.6560862,1581.31,130.68,232.09,6.1,4.62,714.3,460.26,111.5,43.31,255.89,120.72,153.34,1.14,338.93,173.78,108.28,30.29,4466.54,70.05,9.04,7.11,0.38,5.38,173.36,38.09,36.34,15.68
Barru,2019,288.4872383,11.3571101,36.21906424,13.75783661,151.9383185,174.3574477,7.800355433,290.0262667,18.47049105,992.4141286,1652.72,138.15,253.7,6.39,5.1,785.01,505.36,126.16,48.28,281.43,124.64,155.83,1.25,375.96,186.48,117.3,33.68,4797.43,70.6,8.57,7.41,0.36,5.39,173.97,41.8,46.07,14.92
Barru,2020,295.0321902,10.5480063,33.29404351,9.542905565,86.1137218,189.6294454,6.501568796,284.3960156,8.890521065,923.9484183,1662.67,139.11,247.14,6.8,5.79,792.83,497.56,112.19,48.24,313.08,127.94,160,1.18,371.71,195.61,125.65,31.6,4839.12,71,8.26,0.87,0.36,6.39,184.45,40.36,43.1,14.44
Barru,2021,250.962301,12.1074524,112.4371692,17.71797395,10.89431838,175.6147009,6.022719246,294.104529,9.537943551,889.3991075,1751.02,144.1,259.09,7.28,6.08,825.6,524.82,121.03,50.57,332.02,136.88,163.82,1.24,376.89,200.9,134.24,34.41,5069.99,71.13,8.68,4.77,0.36,6.74,185.38,43.46,42.87,15.18
Barru,2022,234.31109,10.47198022,129.3063821,11.00593087,13.10267169,215.7075397,4.911470345,270.1316776,5.041255871,893.9899983,1829.94,148.21,282.11,7.41,6.69,846.17,558.81,139.15,58.43,354.82,138.06,172.78,1.44,395.4,207.27,145.4,37.22,5329.31,71.53,8.4,5.11,0.37,5.32,186.68,47.56,43.43,14.73
Barru,2023,244.0350529,9.993711291,125.6573292,7.489860474,11.79645992,201.0208436,3.861657967,299.5221698,3.376676859,906.7537621,1843.85,158.11,289.19,8.67,6.98,897.62,586.68,149.72,63.59,385.96,133.49,185.31,1.56,395.14,212.33,157.12,40.93,5516.25,72.36,8.46,3.51,0.37,5.89,187.95,49.97,45.46,14.88
Barru,2024,270.3521599,0,0,0,0,220.0678988,3.977386997,309.3925939,0,1085.342743,1924.07,164.81,302.01,8.51,7.1,926.92,622.41,158.91,67.45,410.45,134.4,196.49,1.67,412.99,226.57,176.25,47.34,5788.38,73.06,8.31,4.93,0.31,6.42,189.21,52.27,49.95,14.64
Barru,2025,266.8885359,0,0,0,0,232.7709702,2.896856358,312.1014143,0,1094.020071,2101.56,163.93,321.13,8.73,7.28,955.74,636.14,163.6,67.27,422.22,138.82,207.83,1.76,428.65,231.66,178.5,52.08,6086.9,75.41,8,5.16,0.35,5.07,190.5,56.39,44.81,14.13
Bone,2014,532.1389017,14.24855583,94.34826267,40.70962291,121.4032764,177.9154086,3.533009339,494.1678804,8.53523585,1487.000154,7025.79,403.6,1047.18,20.56,7.05,1435.94,519.07,1883.11,374.86,85.16,303.91,429.13,10,697.33,375.49,153.46,49.74,14821.38,62.09,10.88,9.53,0.4,5,738.51,26.9,28.5,80.5
Bone,2016,122.1203914,250.6039749,21.13549846,11.23927302,7.031545135,539.8723193,478.520769,11.28810927,49.31119575,1491.123076,8454.42,507.05,1225.64,22.59,7.41,1661.7,571.17,2213.68,413.91,94.56,372.03,522.87,11.42,754.19,429.19,177.88,58.48,17498.18,63.86,10.07,9.01,0.39,4.36,745.86,35.15,28.5,75.09
Bone,2017,903.1796582,22.73185164,87.61374308,276.847153,12.24577089,384.2446641,9.116216372,529.285657,15.09664878,2240.361363,9164.71,563,1315.92,23.89,7.79,1815.31,598.21,2436.76,442.96,105.76,410.73,550.05,12.33,793.69,470.4,194.12,64.92,18970.53,64.16,10.28,8.41,0.39,4.55,748.71,39.04,28.5,77.13
Bone,2018,1056.755373,26.47272535,84.19179063,11.02459042,176.0504314,376.8616112,11.74259287,482.2038114,14.40260183,2239.705528,9972.95,624.83,1347.7,25.41,8.46,1968.53,626.06,2726.07,493.69,119.38,459.37,585.16,13.54,885.47,517.06,213.08,73.29,20660.07,65.04,10.55,8.91,0.41,2.82,751.32,43.87,30.16,79.57
Bone,2019,1059.144568,27.39200344,81.45304082,12.94044434,178.87458,450.4991878,4.730536428,534.125591,15.72860906,2364.888561,10305.18,682.79,1571.69,26.45,9.04,2157.57,664.39,2992.5,550.42,130.02,502.21,602.64,14.98,1027.01,556.41,234.3,80.44,22108.04,65.67,10.06,7.01,0.37,3.01,753.69,47.81,29.82,76.25
Bone,2020,1082.263994,37.30520888,66.29841274,11.516795,150.6484244,533.6497613,11.93571151,528.6015267,9.074211643,2431.294046,10207.02,695.39,1541.61,27.87,9.79,2201.28,698.26,2905.24,482.2,117.28,560.59,618.2,13.68,1024.89,613.88,263.9,72.67,22053.74,66.06,10.68,-0.25,0.4,3.2,801.77,45.68,25.73,81.33
Bone,2021,966.4356807,37.50219934,100.179717,12.29959459,159.6581644,454.1911079,6.342857885,511.6319411,22.05466338,2270.295926,10965.84,703.06,1625.18,32.28,10.02,2321.68,705.14,2966.12,505.48,120.72,596.1,660.59,14.05,1069.51,623.54,277.57,76.98,23273.87,66.4,10.52,5.53,0.38,4.15,808.94,48.67,27.22,79.64
Bone,2022,974.5999605,29.32042806,491.1500403,25.37739151,63.54902519,444.7832594,6.942262502,512.6201118,10.16609328,2558.508573,11524.54,720.06,1752.2,36.95,10.42,2462.22,717.67,3098.14,547.62,131.32,679.44,676.66,15.28,1120.18,618.44,289.56,91.01,24491.73,67.01,10.58,5.23,0.38,2.27,816.01,53.48,27.84,80.34
Bone,2023,1017.429943,27.07452192,243.4526938,14.67107337,56.60828829,481.5958588,8.524799967,597.1339559,11.37654783,2457.867682,11837.18,739.52,1833.03,39.16,10.07,2535.64,785.36,3243.78,610.43,141.71,707.14,679.21,18.53,1126.94,698.48,294.12,115.72,25416.03,67.81,10.53,3.77,0.39,2.88,823.08,57.02,29.15,80.12
Bone,2024,1095.547461,0,0,0,0,501.6206027,5.645509621,621.0447385,0,2077.100056,12569.58,742.05,1923.86,40.66,10.02,2587.96,830.12,3439.02,652.07,147.65,730.19,717.64,19.33,1204.07,758.7,321.1,131.36,26825.37,68.36,9.58,5.56,0.39,2.28,830.12,60.26,28.42,73.03
Bone,2025,1121.044592,0,0,0,0,515.3229781,6.736480662,663.7957459,0,2170.885934,13499.54,739.3,2082.15,41.09,10.16,2660.52,3628.19,694.51,157.36,762.4,782.08,868.28,20.29,1227.76,787.68,340.07,146.01,28447.38,71.63,9.13,6.03,0.39,2.75,837.1,64.76,34.97,69.73
Bulukumba,2014,161.6785246,7.264204537,70.76837607,17.47235469,154.027675,130.5084455,5.753905678,505.5083794,19.42447786,1072.406343,2871.18,104.22,435.15,10.97,2.82,519.94,909.73,133.58,33.5,223.67,207.88,249.87,1.2,419.99,181.08,64.69,44.23,6413.7,65.24,8.37,8.54,0.42,2.8,407.77,20.54,33.47,34.2
Bulukumba,2015,280.4745001,10.6529654,80.34531471,21.23568063,186.8837708,205.4886984,9.648651082,549.8430107,26.1380008,1370.710593,2916.53,121.46,470.35,11.46,2.83,565.18,991.35,142.98,37.54,241.4,225.56,281.34,1.28,449.7,196.21,70.73,48.41,6774.32,65.58,8.15,5.62,0.39,3,410.24,23.31,27.95,33.36
Bulukumba,2016,10.67538579,79.47816113,1.082205632,3.62099035,1.274767978,58.03760028,64.4280081,3.099530004,96.90520234,318.6018516,3041.37,139.55,495.89,12.96,2.95,614.38,1099.11,152.2,42.58,265.24,255.51,320.27,1.35,447.55,212.61,76.75,52.59,7232.84,66.46,8.06,6.77,0.38,3,412.68,26.06,37.39,33.25
Bulukumba,2017,330.5042681,14.70749255,69.65382723,263.9911064,35.51508436,269.8619208,11.66167652,461.2324377,33.22491649,1490.35273,3203.65,157.74,511.17,13.7,3.08,671.64,1197.5,165.81,47.87,290.11,263.32,360.44,1.48,469.04,232.9,83.7,57.75,7730.91,67.08,7.97,6.89,0.32,3.73,414.79,29.03,36.96,33.1
Bulukumba,2018,335.6963717,14.45758991,61.41178202,14.98392582,209.2867338,254.6193379,11.78641828,476.0189928,24.01372448,1402.274877,3205.54,178,531.4,14.65,3.28,736.06,1313.97,181.5,55.91,317.01,277.46,385.26,1.63,508.42,254.14,91.79,65.32,8121.33,67.7,7.48,5.05,0.35,3.62,416.77,31.55,23.7,31.25
Bulukumba,2020,385.3487559,10.43118991,58.98332632,12.89955586,179.0728529,279.3755438,8.5758571,474.2438636,19.58077756,1428.511723,3237.17,187.42,572.55,16.3,3.5,798.97,1426.38,170.37,57.66,381.98,331.6,397.74,1.72,558.61,286.88,103.15,72.22,8604.2,68.99,7.1,0.43,0.37,3.42,437.61,33.34,23.73,30
Bulukumba,2021,329.3360471,18.58683485,153.5210883,32.82189728,28.77856107,322.2287281,8.66447989,445.0531364,15.51407451,1354.504848,3355.17,193.16,605.31,17.75,3.5,839.87,1519.22,180.51,61.05,398.86,356.59,410.78,1.84,582.95,298.7,109.74,78.58,9013.58,69.62,7.43,4.76,0.36,3.14,441.2,35.97,30.1,31.31
Bulukumba,2022,346.7271083,26.34642301,240.8670214,23.16116499,28.88131693,259.2198442,8.943400959,406.3433946,5.601492679,1346.091167,3375.52,188.7,656.24,20,3.84,899.64,1600.79,198.87,73.25,425.95,384.41,436.21,1.78,580.57,298.13,120.79,92.43,9357.11,70.34,7.39,3.81,0.36,1.26,445.82,38.66,26.43,31.29
Bulukumba,2023,360.4394798,13.9043647,318.3856377,23.39717982,23.73871423,311.282933,10.89884318,477.1361382,4.720546922,1543.903837,3411.73,202.23,689.67,22.11,3.92,996.53,1668.81,209.95,78.86,447.97,414.72,457.93,1.93,593.59,308.69,129.58,103.19,9741.4,71.21,7.22,4.11,0.38,1.31,450.33,41.9,30.48,30.65
Bulukumba,2024,372.2965848,0,0,0,0,354.8623468,8.977019011,557.8870144,0,1190.345124,3562.91,204.05,714.57,23.49,4.13,1009.49,1769.39,221.14,85.09,473.45,446.24,482.06,2.04,607.77,325.99,139.93,118.07,10189.82,71.97,6.71,4.6,0.33,2.23,454.72,44.48,36.48,28.6
Bulukumba,2025,387.8483012,0,0,0,0,349.3894492,10.09420066,573.9285153,0,1285.044619,3680.22,212.51,754.96,22.75,4.2,1052.96,1862.16,226.41,94.03,495.93,480.53,517.55,2.19,610.17,344.04,148.88,132.58,10642.08,75.26,6.06,4.44,0.32,2.12,459,47.11,31.02,25.88
Enrekang,2014,164.1153336,3.555189833,81.76142666,41.8784567,58.33684441,94.95452484,0.7773166693,204.0379454,7.348099234,656.7651373,1386.57,108.03,257.81,5.4,3.89,469.35,345.53,32.02,26.86,143.86,89.22,94.14,0.91,269.42,71.52,66.91,17.69,3389.15,69.37,13.9,5.99,0.42,1.4,198.19,23.37,16.23,27.6
Enrekang,2015,212.0274883,3.391805396,101.3525564,60.56731924,82.77619185,127.4561568,0.5276712504,304.9295567,10.08141891,903.1101649,1487.48,115.62,260.08,5.3,3.83,508.94,369.98,34.93,28.32,156.05,95.88,101.99,0.97,287.1,74.12,72.99,19.13,3622.71,70.03,13.82,6.91,0.4,1.33,199.87,26.2,17.27,27.6
Enrekang,2016,163.4876792,7.594481595,167.2300057,100.8723751,48.35386612,144.7596628,0.2638356252,300.583145,12.21008143,945.3551326,1605.28,127.88,279.38,5.82,4.14,546.55,409.38,38.36,30.36,172.61,108.77,108.87,1,285.69,79.12,77.21,19.18,3899.59,70.79,13.41,7.63,0.39,1.33,201.84,29.22,18.3,26.98
Enrekang,2018,327.9150817,0,67.04346679,138.9402892,0,159.9861107,0,301.3563151,11.24436162,1006.485625,1642.78,151.5,320.54,6.56,4.92,637.41,471.53,47.09,36.55,206.99,119.18,122.99,1.2,325.15,91.94,91.87,23.86,4302.05,72.15,12.49,3.26,0.39,1.66,205.25,32.81,18.57,25.53
Enrekang,2019,330.9971273,0,62.07117262,116.5251768,0,189.8371859,0,338.7221874,12.46464037,1050.61749,1726.32,152.12,374,6.83,5.08,665.2,487.24,48.57,39.69,215.77,122.83,129.66,1.32,337.42,98.2,99.08,26.23,4535.55,72.66,12.33,5.43,0.36,2.15,206.88,35.28,23.7,25.4
Enrekang,2020,314.843633,18.43437504,51.61461669,8.172042305,142.8440609,201.5277255,0,354.9271589,8.983508419,1101.347121,1729.39,154.6,365.27,7.25,5.53,677.35,493.12,45.78,38.54,240.03,123.85,136.52,1.3,337.83,103.44,106.56,25.86,4592.23,72.76,12.17,1.25,0.37,2.44,225.17,33.54,24.13,25.25
Enrekang,2021,276.6765198,11.50348928,106.5641371,180.3704629,4.714468439,220.0019432,0.2936242639,303.5158168,11.01056714,1114.651029,1906.33,157.59,379.82,7.73,5.88,698.85,519.06,49.46,38.91,267.15,129.37,141.91,1.33,331.13,108.58,113.18,28.1,4884.37,72.91,12.47,6.36,0.36,2.34,227.69,36.03,22.79,26.13
Enrekang,2022,280.8950408,7.509698437,305.3536656,13.79133075,27.11770285,230.9191535,6.472607288,385.7316762,4.509964857,1262.30084,1922.35,162.71,422.68,7.84,6.19,713.83,545.08,55.5,43.97,277.08,134.58,147.46,1.53,358,112.73,122.16,31.7,5065.36,73.39,12.39,3.71,0.35,0.58,231.12,39.05,23.38,26.15
Enrekang,2023,692.4568055,1.0183205,163.1774223,2.249503209,9.217337215,126.794153,6.554474408,70.82842265,1.519686136,1073.816125,1943.82,169.87,433.04,8.41,6.5,734.9,562.61,59.26,46.79,289.97,141.19,151.96,1.62,348.5,119.22,130.69,35.06,5183.42,73.89,12.69,2.33,0.37,1.53,234.57,41.15,23.09,26.97
Enrekang,2024,300.938179,0,0,0,0,251.1845057,1.17647955,360.2644736,0,1093.340896,2057.54,174.12,458.44,8.71,6.62,724.34,588.73,61.86,48.74,301.22,146.28,156.51,1.64,377.42,130.87,141.83,38.83,5423.7,74.61,11.25,4.64,0.34,1.51,238.1,44.01,27.57,24.06
Enrekang,2025,508.8283218,0,28.30664262,0,0,204.5806106,4.306904622,243.9207765,0,1072.923444,2183.69,178.68,502.83,9.09,6.91,705.88,622.28,64.9,53.24,318.04,156.21,163.27,1.73,383.66,135.31,148.4,42.99,5677.13,76.5,10.73,4.67,0.36,1.78,241.7,46.93,28.55,23.09
Gowa,2014,153.2815128,10.55273366,108.4295896,3.723481975,300.4306928,145.7189031,13.08050738,508.5308529,14.89647881,1258.644753,3116.77,262.61,622.48,19.11,14.04,1018.64,1126.02,141.46,232.75,964.47,222.79,671.81,11.57,550.38,439.27,174.64,131.38,9720.17,66.12,8,7.17,0.4,2.3,709.39,16.98,32.63,57
Gowa,2015,301.7099626,11.49962933,93.4147913,14.27269186,248.0407697,207.1282494,9.209873902,565.5199444,21.32502193,1472.120934,3232.8,295.06,663.81,18.91,14.08,1093.06,1197.77,151.31,247.75,1064.3,240.24,776.6,12.18,570.42,468.94,191.46,141.52,10380.22,66.87,8.27,6.79,0.42,4.96,721.62,19.03,33.43,59.47
Gowa,2016,89.54017322,228.387633,12.9941287,4.584880603,5.101519923,374.0603597,574.4544097,19.57490207,293.8487518,1602.546759,3401.02,335.04,717.79,21.59,14.69,1182.24,1324.67,156.26,267.27,1173.64,274.58,846.88,13.08,583.12,497.64,204.7,151.83,11166.02,67.7,8.4,7.57,0.41,4.96,732.59,21.04,34.22,61.52
Gowa,2017,402.326683,10.91181652,66.49776761,355.0011298,12.35655373,296.1222431,6.662412081,557.2479665,20.83595417,1727.962526,3555.19,379.94,779.61,23.07,15.68,1281.85,1443.82,166.75,294.35,1289.48,279.05,909.8,14.15,610.19,540.49,219.05,168.91,11971.36,68.33,8.42,7.21,0.4,6.14,742.34,22.98,35.02,62.77
Gowa,2018,480.0367356,12.2570007,67.9306053,13.89097602,340.1169326,303.0159369,7.044650512,579.3883857,23.95985368,1827.641077,3708.33,427.99,811.12,24.32,17.27,1390.95,1585.64,181.62,329.24,1423.44,289.66,963.12,15.46,632.19,594.12,237.65,190.54,12822.68,68.87,7.83,7.14,0.38,4.8,751.98,25.07,37.2,59.34
Gowa,2020,582.3750075,11.76220116,49.71791541,10.41121627,251.2342561,369.3942665,4.589496579,571.2242569,31.5530235,1882.26164,3852.28,500.62,853.49,26.55,19.74,1536.08,1695.56,193.51,316.99,1752.99,308.69,1070.84,15.22,738.99,673.34,283.84,187.04,14025.76,70.14,7.38,1.76,0.35,6.44,765.84,28.2,39.05,57.68
Gowa,2021,508.570991,28.38541237,223.1796557,40.03168623,4.481766332,415.2531122,4.428320342,564.8686261,15.58235539,1804.781926,4289.11,520.64,933.5,28.01,20.53,1597.53,1798.11,209.82,329.32,1886.67,331.15,1097.61,16.06,782.53,696.91,305.13,201.07,15043.7,70.29,7.54,7.26,0.36,4.3,775.24,30.36,38.67,58.66
Gowa,2022,512.8059436,43.01781686,398.1676049,23.83960543,24.16831306,327.83872,3.834610298,542.1162672,8.332315215,1884.121197,4432.28,533.66,1048.83,28.69,21.88,1616.3,1912.63,245.59,381.64,1981.01,339.93,1130.54,18.31,786.02,710.85,329.54,217.16,15734.85,70.99,7.36,4.59,0.36,3.26,788.16,32.5,33.23,57.96
Gowa,2023,544.7629205,19.76493555,395.0959822,17.93316005,15.96634185,391.9371301,4.140354757,599.5905175,6.953301891,1996.144644,4627.81,569.87,1185.18,32.3,23.11,1617.99,2042.22,275.17,463.75,2092.04,332.59,1225.02,21.13,783.34,717.25,386.22,255.38,16650.36,71.57,7.42,5.82,0.38,3.43,801.11,35.52,35.85,59.1
Gowa,2024,600.3544587,0,0,0,0,430.9617638,4.183798099,702.023658,0,1692.678533,4653.29,603.85,1287.16,33.18,24.24,1658.73,2204.79,288.31,520.21,2254.29,346.26,1356.29,22.96,822.55,759.16,417.55,294.17,17547,72.26,6.85,5.39,0.33,3.91,814.04,37.77,39.8,55.13
Gowa,2025,618.4504234,0,0,0,0,419.3037727,4.039815307,719.3846037,0,1788.359892,4955.86,640.16,1412.5,32.99,25.41,1760.61,2319.12,305.14,570.94,2383.13,374.43,1529.49,24.21,846.12,814.23,458.91,328.8,18782.06,74.22,6.64,7.04,0.32,4.25,827,41.35,47.39,54.04
Jeneponto,2014,251.5212873,11.47828802,74.02115645,10.89127083,100.2728524,121.4139671,4.056212317,215.4176893,5.151609521,794.2243332,2349.83,96.19,171.6,10.03,4.57,439.07,646.06,51.52,13.57,215.86,99.64,115.2,0.94,326.24,104.59,101.93,26.8,4773.64,61.45,15.31,7.93,0.36,2.7,353.29,17.42,23.09,54.2
Jeneponto,2015,304.7337256,9.813732883,83.2530261,9.081484524,131.2431774,152.2718778,4.465876852,315.5911456,5.578157144,1016.032204,2453.88,111.56,183.04,10,4.6,477.65,711.27,55.72,15.44,238.91,104.47,123.72,1,341.89,112.17,111.42,29.21,5085.92,61.61,15.18,6.54,0.36,4,355.45,19.69,23.24,53.87
Jeneponto,2016,44.52482191,48.91782118,6.597781731,0.913049601,3.34149594,130.0620884,312.1869001,3.785101772,7.158665935,557.4877266,2638.36,125.88,195.93,10.5,4.82,512.75,791.96,58.88,17.55,263.19,117.1,131.46,1.06,368.72,119.35,119.45,31.88,5508.83,61.81,15.49,8.32,0.36,4,357.84,21.94,23.39,55.32
Jeneponto,2017,327.6045145,10.67723608,93.48299479,101.8016898,13.09595774,267.5503601,6.665856234,299.1525636,16.66890459,1136.700077,2776.81,141.08,212.98,11.09,5.08,632.5,877.24,64.25,19.74,287.65,118.1,135.76,1.14,387.43,128.66,129.22,34.83,5963.56,62.67,15.4,8.25,0.33,3.31,359.92,23.94,23.54,55.34
Jeneponto,2018,419.3480272,11.13785451,59.39257423,6.029574398,119.2703842,208.1808763,3.594963913,351.7262189,7.610681749,1186.291155,2807.77,157.06,222.88,12.53,5.48,736.55,985.55,70.79,22.21,316.46,121.17,142.64,1.23,415.76,141.11,141.01,38.56,6338.74,63.33,15.48,6.29,0.31,2.81,361.89,26.03,20.75,55.95
Jeneponto,2019,436.8879686,11.72481939,61.32920265,6.163982706,107.86803,300.7841634,4.332960376,408.4836858,12.19451096,1349.769324,2834.8,169.68,242.48,13.57,5.49,774.33,1099.36,78.47,24.36,352.35,118.3,151.58,1.33,477.14,152.16,147.51,42.69,6685.62,64,14.88,5.47,0.33,1.99,363.75,27.74,22.39,54.05
Jeneponto,2020,320.6514317,9.408530303,44.63654135,5.021074259,112.3718499,250.5437678,2.55580903,339.9776867,26.88982222,1112.056513,2809.75,168.8,242.4,14.58,5.79,759.75,1081.87,74.72,21.63,403.73,123.96,155.37,1.34,475.97,161.27,156.62,38.88,6696.42,64.26,14.58,0.16,0.35,2.31,401.61,25.7,20.33,53.24
Jeneponto,2022,350.735652,31.59713921,126.0535754,16.11121389,29.77294209,275.9083222,4.202602763,353.452945,9.485363802,1197.319756,2813.74,170.62,276.2,22.05,6.73,837.42,1359.48,99.03,28.75,463.47,128.48,167.96,1.53,542.52,182.53,181.2,45.8,7327.53,65.13,13.73,3.81,0.34,2.21,409.89,28.74,22.21,50.59
Jeneponto,2023,319.2906939,11.36899681,86.14817557,11.95050322,17.65041479,284.4650301,2.774820294,394.8007245,6.909318655,1135.358678,2678.63,188.84,285.36,25.77,7.19,864.25,1471.5,108.4,31.77,537.75,121.74,179.03,1.45,520.37,190.44,203.51,50.54,7466.55,65.9,13.06,1.9,0.34,2.13,414.48,29.32,24.55,48.32
Jeneponto,2024,377.0668447,0,0,0,0,386.1166182,2.623736345,412.4118434,0,1157.243316,2884.89,194.56,297.11,26.8,7.36,884.82,1543.5,114.86,33.74,573.75,124.71,189.36,1.5,549.44,208.85,224.38,57.05,7916.7,66.38,11.82,6.03,0.3,2.47,418.97,31.17,21.78,43.9
Jeneponto,2025,361.2790092,0,0,0,0,377.1653563,0.937852448,426.1597648,0,1118.066878,3095.25,199.03,320.45,24.87,7.61,930.46,1647.8,119.6,36.87,605.74,134.56,200.58,1.57,595.9,217.43,238.54,62.55,8438.81,70.25,11.42,6.59,0.3,1.88,423.4,34.11,21.07,42.56
Luwu,2014,196.9889895,7.455618986,73.40861403,42.54221761,66.15830032,118.8210083,3.166662452,386.7277134,22.08969992,917.3588245,3527.36,159.19,316.15,9.19,1.17,613.48,790.69,55.45,50.81,190.17,94.57,423.91,1.6,324.43,224.79,132.45,18.62,6934.03,67.34,13.95,8.81,0.41,5.1,347.1,25.98,42.59,48.5
Luwu,2015,319.1257787,11.41521543,87.15459695,37.64648994,113.7380911,154.8273784,4.963111531,394.4335597,21.92181568,1145.226037,3756.05,168.83,330.2,8.53,1.18,646.04,864.5,59.15,54.01,218.1,104.32,452.54,1.79,344.66,255.29,151.7,20.53,7437.42,68.11,13.89,7.26,0.36,7.86,349.99,29.59,44.05,48.64
Luwu,2016,123.5352154,210.0348271,8.121022496,13.23549487,5.618463798,430.5987325,427.8585839,37.28593342,224.8000927,1481.088366,4048.68,184.04,359.81,10.07,1.3,678.28,938.88,61.94,58.2,237.43,120.24,484.98,1.95,372.23,279.76,163.39,22.19,8023.37,68.71,14.35,7.88,0.36,7.86,353.84,33.55,45.5,50.58
Luwu,2017,422.7313175,17.26551432,78.03386479,174.543264,9.290192753,194.489716,4.85468066,355.2604591,26.95267856,1283.421688,4267.8,200.41,387.11,10.67,1.41,712.78,999.37,65.73,61.63,258.05,126.83,517.08,2.19,389.6,302.25,240.35,24.62,8567.87,69.02,14.01,6.79,0.4,4.78,357.23,36.56,46.95,49.8
Luwu,2018,473.9031218,20.28087625,92.94119127,15.60903145,131.8086954,204.9207084,6.14801045,367.3014677,20.94542547,1333.858528,4565.48,212.83,414.03,11.47,1.5,756.96,1080.04,74.81,68.4,281.68,130.8,541.09,2.37,398.37,329.74,258.38,27.64,9155.58,69.6,13.36,6.86,0.36,3.89,360.54,40.2,25.39,47.91
Luwu,2019,471.7909938,19.24328055,70.08053376,11.33573435,207.1172921,232.8476222,6.701581538,408.1767954,21.77323785,1449.067072,4747.14,227.42,457.47,11.93,1.56,823.64,1173.45,81.81,72.56,309.75,136.65,572.49,2.56,446.86,354.86,278.88,29.93,9728.97,70.39,12.78,6.26,0.35,4.38,363.75,43.04,30.07,46.18
Luwu,2020,472.9572985,14.22125284,54.31043545,7.791547522,193.6755987,259.8182138,3.58640373,396.6363686,16.0445877,1419.041707,4762.2,231.8,426.7,12.6,1.7,839.6,1166.7,73.8,69.7,349.7,144.5,605.6,2.5,446.1,380.7,313.3,28.9,9855.9,70.51,12.65,1.3,0.4,4.94,365.61,43.91,25.96,46.04
Luwu,2021,430.2440728,33.5534364,212.0746168,29.8222806,11.52297852,264.6028583,3.755379133,402.9181667,15.45929905,1403.953088,5014.2,240.6,459.4,13.3,1.7,854.2,1279.6,79.5,76.8,377.1,157.5,642.7,2.6,473.1,399.9,346.2,31.3,10449.8,70.85,12.53,6.03,0.38,4.8,369.36,48.3,25.65,46.26
Luwu,2022,446.9081153,14.33766942,269.8904993,12.86216626,47.16211262,271.7936482,3.994266849,395.8966702,7.170260471,1470.015409,5265.6,251,480.1,13.8,1.9,934.5,1391.4,92.7,90.4,399,158.3,673.5,2.9,471.7,416.2,367.7,34,11044.7,71.36,12.49,5.69,0.36,3.85,374.32,53.38,29.17,46.5
Luwu,2023,446.6394228,14.92703548,286.4996906,7.462630462,45.75376096,307.1529139,3.35127425,464.2553343,7.290474712,1583.332538,5386.4,275.4,501,15.7,1.9,1081.2,1531.7,100.8,101.2,433.7,153.6,711,3.2,489.2,450.8,394,37.3,11668.1,72.16,12.71,5.64,0.34,3.7,379.3,57.36,35.09,47.67
Luwu,2025,464.0548635,0,0,0,0,369.6603284,3.243701395,507.9492814,0,1367.840762,5884.1,302.8,764.9,15.7,2.1,1175.6,1737.9,112.7,118.1,486.1,169.4,766.7,3.6,536.7,501.1,457,47.4,13081.7,74.66,10.97,7.43,0.33,3.71,389.3,63.45,33.51,41.76
Luwu Timur,2014,269.2123798,13.28889903,97.38752584,26.27823276,150.2342664,165.6886196,1.184201179,209.9479716,11.91923882,945.141335,2353.14,8392.37,356.64,7.04,0.89,965.94,433.19,76.99,18.77,182.08,108.52,213.03,5.28,248.81,227.12,146.31,11.9,13748.02,69.75,7.67,8.1,0.44,8.1,269.4,70.63,40.23,20.8
Luwu Timur,2015,306.2370247,15.40042076,113.35697,29.43856892,207.1962405,214.1895855,1.651032191,284.9668964,13.52128695,1185.958026,2550.58,8831.74,383.21,7.42,0.89,1046.27,470.4,82.8,19.91,201.52,114.51,228.78,5.59,270.97,243.59,159.92,12.97,14631.06,70.43,7.18,6.42,0.47,5.37,275.13,69.73,40.64,19.67
Luwu Timur,2016,111.0364575,188.6838477,11.04901237,13.04848639,2.80841345,317.0636935,280.2575557,13.3852514,344.3357456,1281.668464,2758.79,8634.51,413.31,8.47,0.94,1119.64,506.28,85.92,21.7,219.67,121.59,245.48,6.01,275.66,258.94,171.27,14.15,14862.31,70.95,7.52,1.58,0.43,5.37,280.35,61.72,41.05,21.08
Luwu Timur,2017,368.9171368,22.17970803,119.8445067,281.867918,14.95515894,275.7412088,0,302.672571,30.09584264,1416.274051,2955.13,8668,430.91,9.09,1.05,1188.71,549.46,91.41,22.9,241.3,126.06,261.71,6.4,294.12,272.68,184.29,15.49,15318.72,71.46,7.66,3.07,0.41,2.58,285.01,63.71,41.46,21.94
Luwu Timur,2018,393.4242526,24.03464966,125.1527989,11.49638578,254.2227161,334.1271616,0,355.5165733,22.1349029,1520.109441,3150.53,8681.49,455.67,9.63,1.14,1279.37,606.13,100.79,25.59,266.31,134.02,274.47,7.07,330.23,296.29,201.79,17.26,15837.8,72.16,7.23,3.39,0.4,2.18,289.66,69.41,29.72,21.15
Luwu Timur,2019,426.7163379,29.83545426,112.4502574,9.980039665,243.6037817,331.3154147,5.905276051,347.6830347,12.81102089,1520.300617,3183.97,8447.71,521.87,10.03,1.21,1403.98,669.82,111.86,27.79,294.89,141.69,295.87,7.82,348.46,317.69,219.43,18.86,16022.95,72.8,6.98,1.17,0.39,3.81,294.29,71.34,42.33,20.83
Luwu Timur,2020,431.2953696,21.55949611,69.5071324,7.725113209,191.2906631,359.5971226,3.586541011,340.8275595,11.57598125,1436.964979,3175.95,8587.77,507.75,10.52,1.32,1448.2,662.57,97.39,24.23,328.12,147.33,313.48,7.15,345.81,337.64,245.15,16.54,16256.9,73.22,6.85,1.46,0.41,4.46,296.74,72.85,34.86,20.82
Luwu Timur,2021,376.746055,24.86430607,225.6921524,33.72490199,49.26466541,418.1928323,2.305977929,355.8570158,16.0624098,1502.710317,3308.98,7916.77,541.15,11.17,1.47,1559,707.1,103.94,24.8,353.19,154.8,331.4,7.42,366.5,356.56,268.62,17.62,16030.5,73.34,6.94,-1.39,0.4,4.96,300.03,78.71,36.7,20.99
Luwu Timur,2022,541.9073919,23.37648229,266.7875934,34.24857,52.44272381,397.1223852,5.379008772,329.5984987,15.58242014,1666.445074,3254.37,8048.03,581.75,11.79,1.61,1598.88,762.5,116.07,27.26,376.91,158.51,351.83,7.89,377.25,367.14,288.51,18.91,16349.21,73.92,6.81,1.99,0.39,4.48,304.3,93.36,38.61,20.89
Luwu Timur,2023,607.8180355,27.78197807,290.6795666,17.96754476,71.45535035,425.1117896,7.305102418,373.0182558,16.67695185,1837.814575,3293.12,9395.08,566.92,12.49,1.65,1697.12,793.34,119.47,28.39,364.59,164.95,354.14,8.34,406.18,396.82,306.21,19.63,17928.43,74.35,6.93,9.66,0.39,5.42,308.53,99.49,37.28,21.57
Luwu Timur,2024,646.0480941,0,0,0,0,473.2051166,2.377337762,401.5447475,0,1423.590213,3400.12,9552.43,583.21,13.7,1.54,1842.74,826.95,122.73,29.81,369.84,180.48,369.01,8.94,441,426.03,324.52,21.48,18514.53,74.95,6.55,3.29,0.35,4.58,312.73,97.2,37.4,20.7
Luwu Timur,2025,761.5840843,0,0,0,0,476.6645953,4.876900007,410.1253675,0,1591.142342,3588,9845,618,13,2,1898,852,116,31,381,220,381,9,449,431,344,22,19202,77.28,5.79,3.7,0.37,3.7,316.9,99.87,36.88,18.55
Luwu Utara,2014,165.6683447,10.10403942,82.02648574,8.090528033,86.47299689,154.8156116,0.75337965,315.4933261,24.64652298,848.071235,2931.46,86.87,238.24,8.19,0.27,598.46,582.35,107.25,56.07,216.53,85.6,164.55,1.01,290.29,321.81,49.11,1.47,5739.51,66.9,14.31,8.82,0.47,1.8,299.99,25.3,31.63,43
Luwu Utara,2015,276.8823906,11.76683281,82.12116057,13.78523263,154.3734738,202.5495004,3.091823075,308.6832888,25.18269428,1078.436397,3068.59,100.53,254.27,7.75,0.27,647.94,631.12,116.62,61.04,244,91.91,178.44,1.08,306.81,356.59,53.67,1.58,6122.22,67.44,13.87,6.67,0.37,2.6,302.41,28.73,32.14,41.89
Luwu Utara,2016,17.24821695,80.30915843,1.864014833,5.000929705,1.227984,30.30404942,92.298023,4.436239824,74.69388476,307.3825009,3291.61,110.18,270.71,9.15,0.29,693.88,687.69,127.42,66.82,266.47,106.17,195.28,1.15,306.28,387.95,58.1,1.74,6580.9,67.81,14.36,7.49,0.41,2.6,305.46,32.02,32.66,43.75
Luwu Utara,2017,380.4323215,15.88792248,72.41814298,213.7314859,6.825778096,238.1077754,0.16389,262.389409,35.33546894,1225.292194,3444.79,120.5,294.94,9.69,0.31,794.68,781.35,139.54,73.98,289.71,105.38,212.04,1.25,322.22,425.54,63.33,1.91,7081.17,68.35,14.33,7.6,0.36,3.31,308.14,35.02,33.18,44.04
Luwu Utara,2019,460.4887071,15.68528476,74.70196613,20.81985137,214.2341998,238.3169829,5.116178878,325.7158898,22.84918817,1377.928249,3806.79,148.52,367.85,11.15,0.37,968.45,989.07,174.22,92.49,350.72,111.64,233.81,1.55,395.61,488.5,78.09,2.37,8221.2,69.46,13.6,7.11,0.36,2.76,313.26,41.65,28.19,42.48
Luwu Utara,2020,532.2958118,12.33630193,62.63446541,10.88279058,136.7504749,255.3671588,4.197594348,322.412008,26.66124735,1363.537853,3722.53,153,358.51,11.81,0.39,958.02,976.02,158.69,84.35,386.68,118.52,240.23,1.42,398.8,515.55,86.06,2.15,8172.74,69.57,13.41,-0.59,0.34,3.01,322.92,41.07,30.04,42.2
Luwu Utara,2021,411.0011742,21.50577468,156.1077699,26.87990099,12.40514782,273.8816762,0,333.4125984,32.54508638,1267.739129,3925.73,157.89,375.98,12.11,0.41,970.3,994.06,159.87,86.84,406.99,129.61,243.35,1.49,406.04,526.96,91.67,2.21,8491.5,70.02,13.59,3.9,0.34,3.91,325.99,44.2,26.08,43.15
Luwu Utara,2022,432.5873061,15.60047459,345.0251405,13.72561478,29.76583285,269.7127386,0.6075063,323.6904531,18.61787083,1449.332938,4061.19,155.71,380.33,12.67,0.44,1027.34,1041.14,177.95,92.96,451.03,129.31,247.37,1.58,433.01,569.35,93.31,2.26,8876.97,70.51,13.22,4.54,0.35,2.81,329.89,48.65,29.54,42.29
Luwu Utara,2023,432.0516894,23.55704009,159.4173591,10.23576713,19.9111775,242.8063603,0.92486841,374.9847441,16.9770212,1280.866027,4190.2,154.93,407.63,13.71,0.45,1202.19,1107.68,188.52,95.07,475.12,122.46,271.37,1.65,423.44,572.2,102.02,2.42,9331.06,71.34,12.66,5.12,0.34,2.63,333.78,53.45,25.14,40.79
Luwu Utara,2024,472.8649401,0,0,0,0,260.5682414,0.1306821,390.0518136,0,1233.171498,4417.66,159.1,442.18,14.32,0.46,1080.73,1195.8,203.43,105.11,511.31,129.79,287.8,1.71,451.77,615.82,112.65,2.81,9732.44,72.07,11.24,4.3,0.27,2.39,337.66,58.31,29.34,36.46
Luwu Utara,2025,483.3901976,0,0,0,0,245.0305835,0.593116305,410.8378864,0,1239.734948,4618.46,172.07,461.27,14.75,0.5,1226.29,1265.51,222.8,111.07,537.54,151.08,303.88,1.8,481.95,640.97,119.66,3.03,10332.63,74.81,10.74,6.17,0.32,2.24,341.5,64.54,28.25,35.03
Makassar,2014,868.9022151,23.43246869,156.9416206,111.5269703,400.25128,307.5653615,39.9500395,634.2135336,63.29984399,2606.083333,465.61,1.13,16985.53,40.13,196.3,13284.17,15658.93,2105.27,1897.32,9277.4,4547.3,3100.37,906.04,2607.64,7409.07,2084.75,2025.86,82592.82,79.35,4.48,7.39,0.43,10.9,1429.24,70.24,57.59,64.2
Makassar,2015,989.8466109,24.34630538,166.1085809,123.1994389,486.471156,363.9378276,41.52617616,800.4450266,66.39327113,3062.274394,478.11,0.97,18077.51,38.24,197.17,14415.64,16762.34,2212.73,2014.49,10125.62,4882.85,3347.93,952.18,2905.99,7999.27,2248.32,2168.81,88828.15,79.94,4.38,7.55,0.4,12.02,1447.68,78.94,57.01,63.24
Makassar,2016,24.49503774,123.3186381,3.291909163,22.69545794,3.726431011,204.8815228,203.5336387,14.11088235,167.9603467,768.0138645,497.71,0.84,19558.17,42.29,201.33,15585.75,18271.24,2312.6,2184.96,11081.12,5520.29,3418.46,1009.67,2840.63,8596.48,2464.25,2371.84,95957.64,80.53,4.56,8.03,0.4,12.02,1467.95,87.13,56.42,66.78
Makassar,2017,1106.584673,91.04368179,151.7156052,578.2967035,17.75448459,402.6711264,29.95365108,871.0506922,64.55300599,3313.623624,505.59,0.77,20806.6,45,215.19,16897.85,20112.43,2516.61,2375.28,12168.29,5841.81,3497.12,1094.12,3004,9442.55,2707.72,2595.25,103826.16,81.13,4.59,8.2,0.4,10.59,1485.94,95.67,55.83,68.19
Makassar,2019,1032.880081,12.54786761,152.3747252,128.2031114,671.3123831,485.7528623,33.19145949,978.8569504,54.00377997,3549.123221,526,0.58,22728.08,53.87,224.81,20034.23,25142.39,2995.64,2849.88,14916.42,6366.61,3835.37,1354.93,3770.96,11120.17,3285.55,3260.35,122465.83,82.25,4.28,8.79,0.39,9.83,1521.09,117.3,67.82,65.12
Makassar,2020,1111.90221,8.113192135,109.9966054,115.7783832,261.7759,411.5750682,21.95181789,888.7462271,39.94660001,2969.786004,508.93,0,21767.9,51.52,236.02,20232.8,23777.63,2476.09,2284.79,16487.16,6482.79,3838.84,1200.58,3754.75,11302.84,3680.34,2822.79,120905.75,82.25,4.54,-1.27,0.4,15.92,1423.88,125.32,61.63,69.98
Makassar,2021,1768.346654,85.36230307,72.20996944,377.1067652,4.652527744,319.0155521,13.71301191,487.6629906,22.42695472,3150.496729,518.31,0,22678.92,54,244.66,21101.29,25119.55,2641.16,2326.3,17525.17,6282.85,3949.18,1266.83,3917.66,11695.48,3952.68,3038.78,126312.83,82.66,4.82,4.47,0.4,13.18,1434.44,132.68,60.64,74.69
Makassar,2022,1178.944436,101.7897539,459.1946042,111.0032908,91.54930408,534.1182358,49.26444998,993.511583,30.68732622,3550.062984,532.42,0,24726.64,58.66,256.92,21371.12,26747.84,3138.09,2791.54,18129.79,6290.56,4100.56,1447.45,4016.18,11881.44,4323.44,3319.95,133132.6,83.12,4.58,5.4,0.4,11.82,1444.88,144.6,60.61,71.83
Makassar,2023,1357.698197,101.2613652,1034.245441,93.5299217,138.7273642,578.8215865,66.15364218,1106.141639,31.14841568,4507.727572,537.8,0,25610.98,61.22,261.23,22025.08,28032.66,3470.42,3138.85,19770.53,6535.84,4290.05,1582.69,4311.62,12224.81,4676.24,3667.88,140197.9,83.52,5.07,5.31,0.39,10.6,1454.96,155.95,61.4,80.32
Makassar,2024,1328.922997,0,0,0,0,547.3005309,42.16710491,1245.622499,0,2828.957697,564.16,0,26839.53,63.03,273.26,22260.26,29532.42,3687.61,3346.79,21104.45,7122.77,4516.17,1700.69,4307.36,13130.23,5321.21,4223.27,147993.2,83.9,4.97,5.56,0.37,9.71,1464.64,165.96,59.7,79.53
Makassar,2025,1123.598768,0,0,0,0,677.2035481,68.38742004,1554.861823,0,3507.573119,589.34,0,28427.66,63.38,285.93,23154.9,30968.88,3885.92,3545.07,22219.86,7731.04,4767.16,1820.09,4337.82,13679.19,5734.59,4684.75,155895.57,85.66,4.43,5.34,0.39,9.6,1473.9,177.34,63.88,71.63
Maros,2014,220.199807,16.79023028,113.351481,30.66370292,60.77801749,169.863649,5.411775234,337.1107943,12.70266324,966.8721204,1750,736.33,2337.24,9.66,10.81,573.02,354.45,3161.03,34.75,143.7,147.01,150.43,2.62,373.17,174.91,69.99,37.71,10066.82,66.65,11.93,4.73,0.4,4.6,335.6,40.11,58.89,40.1
Maros,2015,272.2465936,25.560513,85.7639385,25.80840421,157.0352664,168.8992725,10.1098326,366.4797477,7.756517028,1119.660086,1888.86,828.87,2586.45,8.97,10.87,627.45,371.95,3407.38,37.14,153.27,153.62,158.7,2.71,398.31,180.15,76.29,39.22,10930.22,67.13,11.85,8.44,0.44,6.99,338.92,45.94,60.2,40.08
Maros,2016,94.60503109,197.1833621,12.92978413,7.778956803,12.40096165,305.8790059,364.1989743,8.021707028,336.2140759,1339.211859,2069.24,955.85,2653.47,10.04,10.98,675.64,396.96,3917.73,39.63,160.21,168.98,167.67,2.8,432.04,187.36,80.8,40.99,11970.4,67.76,11.41,9.5,0.41,6.99,342.48,52.09,61.51,39.02
Maros,2017,311.5757513,49.65646814,84.62644948,237.5452223,4.717946588,217.2346923,0,365.5911322,4.239170968,1275.186833,2203.48,1142.05,2733.88,10.65,12.17,737.51,415.44,4175.99,41.56,168.7,169.51,178.65,3.06,453.02,193.92,84.11,44.6,12768.32,68.42,11.14,6.81,0.37,6.85,345.63,56.12,62.83,38.5
Maros,2018,350.2234115,39.5906847,80.09177414,26.12584784,254.8141286,224.1437991,10.03054598,390.9702198,4.246523791,1380.236936,2312.48,1253.53,2747.09,11.23,13.08,807.44,451.11,4541.58,46.55,179.84,176.66,190.66,3.37,478.68,207.04,88.46,49.94,13558.74,68.94,10.31,6.19,0.34,6.19,348.68,60.92,44.69,35.97
Maros,2019,406.8031965,36.92052819,68.14407891,27.40707248,199.6582955,273.4206483,12.88267451,377.4831376,4.595147769,1407.31478,2434.72,1419.9,2787.67,11.93,15.2,950.69,508.1,4040.99,53.22,190.75,189.05,204.73,3.74,540.34,224.92,93.74,56.59,13726.28,69.5,9.89,1.24,0.38,4.42,351.65,64.6,46.38,34.85
Maros,2020,431.3199057,37.55061738,39.53357356,23.69455402,254.1489259,271.5101285,10.94197631,392.6567532,4.260626934,1465.617062,2378.99,1432.11,2604.39,11.36,17.33,1084.87,497.27,2606.87,43.12,214.95,196.64,217.65,3.71,359.4,231.46,102.68,52.87,12233.66,69.86,9.74,-10.87,0.37,6.28,391.77,47.73,42.86,34.62
Maros,2021,427.9457505,19.82259901,55.40594205,230.2025203,5.422535629,258.2895677,0,356.5449626,15.00885595,1368.642734,2572.86,1522.62,2388.25,11.74,17.55,1135.85,515.35,2612.26,44.75,228.88,203.56,225,3.83,517.84,233.43,110.68,56.16,12400.62,70.41,9.57,1.36,0.37,6.3,396.29,47.96,45.68,34.11
Maros,2022,387.1670309,19.06635277,255.9567484,23.76586791,50.70758958,281.6409188,20.40859484,362.4982918,12.44047123,1413.651866,2603.62,1565.6,2504.76,12.14,17.85,1165.43,532.49,3485.34,47.32,230.94,201.97,235.27,3.91,517.73,236.52,112.12,59.93,13532.96,71,9.43,9.13,0.36,5.04,402.15,58.55,46.36,33.9
Maros,2023,419.2035354,31.25083232,271.0693942,14.02727727,42.54523463,284.5878019,15.10082601,429.9212203,13.30715205,1521.013274,2606.12,1651.56,2611.42,12.52,17.83,1199.69,550.92,3884.27,49.31,238.3,197.31,244.53,4.1,516.84,242.7,118.39,64.35,14210.16,71.63,9.65,5,0.37,3.64,407.92,64.69,48.17,34.96
Maros,2025,467.3292613,0,107.8317261,0,0,383.2731797,11.26211388,519.0882947,0,1354.90516,2847.09,1778.5,2751.19,12.84,19.39,1275.55,607.62,4210.71,54.99,253.86,217.54,287.71,4.53,581.39,262.87,134.35,74.66,15374.77,74.79,8.9,4.24,0.34,4.13,419.2,71.36,50.03,32.67
Palopo,2014,157.0339401,14.34281229,59.46048852,24.32597622,91.13120144,130.9948313,4.58786275,155.4565228,11.13008733,648.4637227,753.1,5.68,109.55,4.82,12.29,580.3,863.45,209.9,44.68,201.74,304.33,183.32,3.59,282.57,185.77,93.95,50.19,3889.24,75.65,8.8,7.05,0.4,8.1,164.9,28.8,58.14,14.6
Palopo,2015,170.9955381,14.19535082,62.38650263,26.46415343,108.2319678,161.3108044,4.816209617,202.5661389,11.00741495,761.9740807,755.64,5.94,115.28,4.58,12.34,609.16,968.89,225.17,47.88,217.52,326.92,193.93,3.73,301.3,197.01,103.72,51.87,4140.87,76.27,8.58,6.47,0.43,12.07,168.45,31.68,57.27,14.51
Palopo,2016,83.77791869,214.2266524,15.91501622,27.5669605,4.588411066,215.0338393,255.3480885,8.755644493,219.8322096,1045.044741,759.03,6.27,121.15,5,12.8,654.71,1073.95,242.11,51.93,239.82,375.79,207.07,3.91,299.24,207.14,113.66,54.92,4428.5,76.45,8.74,6.95,0.37,12.07,171.96,34.04,56.41,15.02
Palopo,2017,188.8996718,29.34653051,63.36763562,35.57277384,195.020862,243.6013109,4.880033057,183.0946271,20.07166798,963.8551128,803.17,6.54,125.48,5.37,13.65,696.64,1183.42,259.99,55.75,267.54,376.91,222.55,4.22,315.27,224.2,124.96,60.24,4745.9,76.71,8.78,7.17,0.34,10.96,175.11,36.83,55.55,15.44
Palopo,2018,226.0924258,18.55375825,90.42754323,34.6844075,142.8003268,257.4742241,6.350279511,187.6850834,18.85457876,982.9226274,830.61,6.71,129.18,5.67,14.75,734.33,1291.73,286.15,59.8,303.02,383.21,233.02,4.61,368.09,247.46,137.06,67.61,5102.99,77.3,7.49,7.52,0.34,11.6,178.25,40.32,58.37,14.27
Palopo,2019,200.3964811,19.40881634,72.11750491,30.36630873,104.2599089,294.0206676,9.073542533,203.2256139,23.58301298,956.451857,871.74,6.82,139.2,5.89,15.42,779.14,1421.61,312.34,64.55,335.22,382.09,246.38,5.07,380.14,262.1,145.79,73.88,5447.36,77.98,7.82,6.75,0.34,9.67,181.4,43.79,68.45,14.37
Palopo,2020,199.4683349,18.48328151,49.90121667,35.70376675,79.57817321,354.5404262,5.469859429,188.4299119,12.31082562,943.8857962,884.51,6.76,130.85,6.1,15.42,774.84,1426.6,268.07,60.02,376.6,391.48,258.25,4.97,377.91,265.76,150.56,73.37,5472.08,78.06,7.85,0.45,0.35,10.37,184.68,43.66,58.01,14.71
Palopo,2021,175.0377732,21.71369952,139.1382904,47.96046576,6.020156994,313.4142381,3.434423594,214.0662479,14.69005278,935.4753483,923.6,7.16,134.79,6.37,15.4,816.75,1491.21,304.64,64.27,387.66,423.52,265.22,5.14,399.87,272.25,172.78,77.63,5768.28,78.38,8.14,5.41,0.36,8.83,186.9,46.63,59.89,15.21
Palopo,2023,195.6871798,15.86721594,182.5870281,29.73873376,34.45888197,274.4252392,4.407355554,182.2504084,8.364516588,927.7865593,951.24,8.55,155.98,7.11,17.32,940.22,1648.94,367.16,74.18,435.33,488.69,298.69,6.24,392.6,277.42,196.16,103.87,6369.71,79.45,7.69,4.34,0.37,7.81,192.76,54.47,59.32,14.85
Palopo,2024,214.072298,0,0,0,0,299.3385682,3.6077531,201.2449501,0,892.1301178,949.39,8.84,163.41,7.3,18.48,947.88,1732.73,385.3,79.65,467.51,511.49,316.98,6.57,425.22,298.91,211.84,118.57,6650.07,79.94,7.35,4.4,0.33,7.64,195.67,56.65,57.23,14.43
Palopo,2025,224.3970013,0,0,0,0,279.8440688,4.09421908,185.3370303,0,888.2857233,998.29,9.07,169.44,7.53,18.85,979.6,1797.8,419.38,80.89,492.17,543.21,335.93,6.9,423.43,317.81,225.57,129.41,6955.29,81.74,7.18,4.59,0.33,7.53,198.5,59.37,55.79,14.31
Pangkep,2014,161.7720585,7.386584136,106.8645074,11.56504895,179.3379142,131.7620586,6.249809075,432.6106431,23.70508379,1061.253708,1895.7,993.45,6522.2,9.29,4.75,540.86,667.43,491.11,51.18,204.63,108.63,191.66,0.71,402.79,194.5,137.2,3.69,12419.76,66.16,16.38,10.41,0.43,9.9,320.29,49.86,44.02,52.6
Pangkep,2015,259.0521959,7.96158599,89.87029686,16.97456518,182.8080173,204.9383511,6.968369029,436.4587299,25.7250115,1230.757123,2025.5,1072.76,7077.96,8.96,4.76,585.84,725.28,472.27,54.44,226.48,116.71,205.82,0.75,424.52,210.48,150.45,4.03,13367.01,66.65,16.7,7.63,0.39,7.01,323.3,56.94,44.03,53.85
Pangkep,2016,109.3866242,224.3810162,7.583587461,18.82059655,7.397589614,215.592606,436.6320968,26.67330413,342.2647968,1388.732218,2174.81,1199.4,7741.44,9.78,4.92,638.14,782.1,459.74,58.22,244.24,134.81,219.63,0.8,420,223.78,161.12,4.37,14477.29,66.86,16.22,8.31,0.42,7.01,326.48,62.92,44.05,52.86
Pangkep,2017,298.1661169,6.64526618,68.4073232,210.7996471,8.899261582,286.5373691,7.699229449,420.4575335,31.20351136,1338.815258,2350.19,1297.27,8132.34,10.36,5.3,695.61,862.72,514.59,65.16,260.85,136.16,238.01,0.86,440.63,243.18,175.5,4.78,15433.5,67.25,16.22,6.6,0.37,7.05,329.27,67.6,44.06,53.38
Pangkep,2018,373.2750115,7.597886838,69.03439509,25.96124548,198.8397168,258.2065461,10.13374864,414.4899935,35.80620512,1393.344749,2584.26,1439.25,8144,10.69,5.87,769.83,976.09,548.05,75.35,295.77,134.85,253.1,0.97,465.63,267.92,191.77,5.51,16168.91,67.71,15.1,4.77,0.32,6.91,331.98,71.98,42.62,50.12
Pangkep,2019,389.3224165,8.007493141,71.53428262,18.04736352,139.3037149,287.4863794,8.807066637,429.6592317,27.13102808,1379.298977,2833.96,1602.2,8410.85,10.8,6.04,832.62,1068.95,620.14,81.64,330.12,137.53,268.22,1.07,498.27,287.98,208.76,6.03,17205.17,68.29,14.06,6.41,0.33,4.99,334.6,77.68,45.87,47.07
Pangkep,2020,468.6667523,8.449764743,47.22101262,15.93106915,115.5062089,288.5020046,5.899454862,388.7224751,17.03696121,1355.935703,2860.37,1610.08,8074.9,10.39,6.5,856.09,1045.84,535.41,74.53,369.17,141.64,279.1,0.99,497.29,315.98,231.43,5.51,16915.23,68.72,13.96,-1.69,0.35,5.18,345.77,74.38,41.9,47.12
Pangkep,2022,410.2562819,21.39595065,158.7881154,13.2631292,57.21958805,308.7585537,8.114906131,418.0466891,5.134497343,1400.977711,3361.15,1833.24,8106.59,16.5,7.37,999.27,1243.61,671.94,96.35,430.34,150.11,309.26,1.23,507.57,345.65,276.8,6.62,18363.59,69.79,13.92,4.93,0.33,5.23,352.06,86.58,42.81,47.53
Pangkep,2023,433.2090162,18.24428769,214.6539703,36.47874731,46.86155328,293.1212944,6.373639238,457.1600586,4.52476533,1510.627332,3148.4,1921.93,8941.28,16.63,7.37,1021.39,1296.74,709.25,96.42,443.56,139.45,316.91,1.33,523.7,358.17,286.95,7.22,19236.71,70.59,13.4,4.75,0.35,5.05,355.61,91.86,46.71,46.06
Pangkep,2024,463.4220096,0,0,0,0,320.9076545,5.29727438,489.5942042,0,1257.652056,3437.32,1989.51,9291.73,16.76,7.61,1049.82,1376.6,736.31,102.38,456.86,139.86,342.29,1.46,551.04,382.5,307.65,7.9,20197.59,71.22,12.41,5,0.32,3.99,359.16,96.36,45.62,42.94
Pangkep,2025,477.0106927,0,0,0,0,320.088159,5.521563421,514.9598407,0,1342.92722,3815.26,2251.08,9367.42,13.97,8.27,1140.41,1442.89,738.06,110.15,483.69,146.85,369.56,1.66,562.93,412.08,333.28,8.99,21206.55,74.62,11.6,5,0.27,3.9,362.7,104.7,41.15,40.37
Parepare,2014,119.1180051,5.493991911,29.91683328,27.02132609,56.7606589,144.6747904,0,225.4257858,6.376453674,614.7878451,214.79,9.14,77.73,3.89,10.77,536.79,586.04,205,206.94,254.44,266.49,334.32,9.61,391.52,243.05,160.42,104.95,3615.9,75.66,5.88,6.33,0.5,7.1,136.9,32.39,52.02,8.1
Parepare,2015,170.1663351,12.14192512,40.31214395,61.11909355,63.75776425,207.1792204,0,219.2333231,10.27719736,784.1870028,235.79,9.99,82.51,3.74,11.15,554.13,613.68,215.75,226.49,269.95,296.18,364.15,10.17,409.27,253.63,175.35,111.79,3843.72,76.31,6.08,6.3,0.42,8.48,138.6,36.5,51.56,8.41
Parepare,2016,56.83275334,304.5214168,8.469853177,25.91035506,1.036342075,183.0545564,250.0341938,12.64969115,142.4126848,984.9218466,259.58,10.81,88.02,4.05,11.54,576.31,661.01,226.61,248.26,289.85,351.94,389.29,10.78,407.02,265.22,190.35,117.16,4107.81,76.48,5.73,6.87,0.39,8.48,140.23,39.35,51.11,8.02
Parepare,2017,185.4683804,16.30083348,42.32034673,187.8870482,0.190234,318.9766607,0,202.3765545,16.33876594,969.8588239,282.48,11.09,93.63,4.3,12.54,601.83,711.36,245.42,272.34,309.38,372.42,428.44,11.49,420.81,279.26,208.63,128.91,4394.32,76.68,5.7,6.98,0.38,6.47,141.67,42.88,50.65,8.07
Parepare,2018,195.4233035,19.37666821,33.02419053,74.53499426,15.02207074,230.3626303,0,207.2743575,15.21212877,790.2303439,306.04,11.35,95.73,4.65,13.55,640.81,777.25,266.2,303.39,340.33,383,449.62,12.43,358.22,304.13,229,143.7,4639.4,77.19,5.59,5.58,0.38,6.81,143.07,45.94,54.61,8.01
Parepare,2019,210.7764491,18.32267962,38.94197197,75.44062977,20.53997657,325.2118017,0,218.2677533,15.81501825,923.3162803,323.07,11.3,103.61,4.9,13.96,689.15,830.8,290.11,323.43,361.14,390.77,465.56,13.2,409.96,321.8,239.92,155.11,4947.79,77.62,5.26,6.65,0.35,6.17,144.45,50.06,61.59,7.62
Parepare,2020,192.2869026,17.90558166,33.6180768,21.29044244,68.39025377,280.1987352,0,212.7913877,16.50114309,842.9825232,327.94,11.19,101.54,5.03,14.46,685.45,796.22,247.19,320.13,390.83,407.24,483.91,12.06,407.91,337.31,265.05,130.58,4944.03,77.86,5.44,-0.08,0.37,7.14,151.45,48.5,54.09,7.96
Parepare,2021,194.6666396,18.23854699,40.61462234,119.2082313,23.01809666,267.9383196,0,200.4872529,17.20313615,881.3748455,326.23,11.23,109.15,5.23,14.57,697.51,856.06,264.72,337.47,410.77,429.48,492.11,12.5,434.06,350.07,281.5,129.45,5162.1,78.21,5.4,4.41,0.38,6.72,153.38,51.03,55.69,7.93
Parepare,2022,193.9019476,16.70211728,154.0841206,21.94030525,21.3066984,278.6352381,2.050029173,202.0902609,13.71581902,904.4265363,326.32,11.24,118.24,5.45,14.56,728.3,941.08,309.55,362.35,415.83,425.72,499.26,13.32,452.03,378.08,303.15,163.96,5468.43,78.54,5.41,5.93,0.38,5.6,155.91,55.78,56.03,8.01
Parepare,2024,420.6230466,0,0,0,0,139.8721142,0.41136551,199.5385051,0,1167.873448,355.9,10.74,124.65,6.08,15.06,804.64,1045.27,353.57,403,463.98,403.34,541.44,14.19,464.93,433.67,340.83,188.49,5969.77,79.64,5.27,5.09,0.38,5.23,160.92,61.97,55.84,7.94
Parepare,2025,430.5583592,0,0,0,0,140.9895026,1.35251465,201.6073757,0,1175.985156,380.75,0.89,132.01,5.99,15.41,808.63,1085.83,366.61,420.11,493.61,425.99,577.88,14.49,463.73,451.49,366.5,204.69,6214.61,81.5,4.44,4.1,0.34,4.98,163.4,65.02,51.6,6.73
Pinrang,2014,168.3722311,11.25147461,93.95371275,17.9085629,119.1280555,149.4137909,0.88502575,379.869808,7.082390789,947.8650523,4180.64,178.15,559.44,10.94,0.53,856.3,1234.56,252.5,78.45,249.34,182.31,289.64,10.92,398.83,275.35,116.86,65.73,8940.48,68.92,8.2,8.11,0.34,2.8,364.09,31.22,36.6,29.9
Pinrang,2015,246.5926936,14.64288167,111.5470175,17.96630735,156.6320227,171.2728861,2.45804224,423.8409177,10.57718401,1155.529953,4556.39,197.48,598.25,11.32,0.53,911.36,1347.05,272.63,84.34,269.68,196.81,312.41,11.53,421.65,289.38,126.08,70.42,9677.33,69.24,8.34,8.24,0.41,4.85,366.58,35.83,36.52,30.51
Pinrang,2016,109.6766472,206.9949301,17.60841603,23.61295649,0.83589835,248.5849649,408.4494544,9.236770763,231.5261023,1256.52614,4892.69,223.06,647.62,11.91,0.54,967.71,1477.64,289.78,90.96,295.68,226.28,337.15,12.42,396.72,313.73,135.92,77.28,10397.11,69.42,8.48,7.44,0.38,4.85,369.49,39.78,36.44,31.28
Pinrang,2017,251.8993176,15.58647256,114.2308668,15.04512804,192.3230907,219.0429075,6.044986567,399.7016355,10.22492937,1224.099335,5267.11,248.09,701.12,12.62,0.57,1031.81,1622.76,311.62,98.77,324.62,231.33,359.34,13.29,416.09,341.72,147.08,84.67,11212.62,69.9,8.46,7.84,0.31,4.41,372.03,43.95,36.36,31.43
Pinrang,2018,374.5716266,15.38641023,114.7657758,13.84279824,196.9380203,219.1320168,6.275936544,399.4841601,10.7432987,1351.140043,5514.35,271.62,720.78,13.75,0.62,1104.63,1820.61,340.95,111.37,361.65,244.13,379.13,14.6,456.74,375.25,161.51,95.75,11987.44,70.62,8.81,6.91,0.36,3.04,374.46,48.29,36.15,32.94
Pinrang,2019,367.1004619,16.66045681,121.0323101,13.15306784,117.1069715,243.6718282,7.076345687,396.8247078,10.97452169,1293.600672,5700.35,296.88,794.07,15.32,0.63,1232.74,1989.82,375.41,122.2,401.28,249.46,400.74,15.63,490.08,406.61,177.19,101.66,12770.08,71.12,8.46,6.53,0.34,2.91,376.78,52.1,36.96,31.85
Pinrang,2020,343.4950031,15.7079955,102.5406991,11.08072026,168.4689977,269.3735289,4.734217274,399.2958667,10.38555814,1325.082587,5716.12,303.56,785.74,16,0.67,1243.77,1968.92,331.95,109.44,455.1,250.3,419.11,14.38,497.66,429.79,193.54,90.4,12826.45,71.26,8.86,0.44,0.38,4.19,403.99,49.84,33.93,33.56
Pinrang,2021,280.8828687,18.07762757,172.9155,152.0773319,0,270.1412503,0.5812154,384.1252589,15.01909325,1293.820146,6009.18,321.63,829.31,17.07,0.7,1241.39,2099.01,362.37,118.31,486.32,262.24,428.87,15.15,532.49,444.02,206.65,97.77,13472.49,71.45,8.81,5.04,0.37,4.06,408.55,53.26,34.47,33.51
Pinrang,2023,946.0090583,3.628049,108.9866161,7.80349267,2.8123183,127.5195538,0.41267179,141.47541,0.718567,1339.365737,5956.37,382.05,936.55,19.18,0.9,1386.98,2408.83,464.9,157.83,549.97,251.31,477.89,19.29,528.99,486.51,242.5,118.92,14388.99,72.84,8.9,2.18,0.34,3.64,419.34,59.97,34.72,34.23
Pinrang,2024,518.3403543,0,0,0,0,373.6200336,0.503058654,484.0559263,0,1261.558974,6292.39,398.69,992.88,20.65,0.83,1462.33,2550.61,489.14,167.72,593.56,255.64,503.74,20.29,558.25,518.15,256.71,128.62,15210.21,73.55,8.55,5.71,0.3,3.12,424.65,62.77,38.68,33.04
Pinrang,2025,753.3716641,0,0,0,0,338.1225016,0,443.8172142,0,1242.10733,6631.1,416.08,1067.31,20.36,0.84,1519.32,2699.96,522.33,180.69,626.43,273.51,537.85,21.65,571.42,539.79,273.53,141.4,16043.55,75.87,8.38,5.48,0.32,3.65,429.9,66.89,33.78,32.52
Selayar,2014,188.3515545,15.55734002,86.21614649,19.12989733,103.2003614,65.02143136,8.018205457,154.3235882,14.74745871,654.5659835,1084.85,19.89,80.53,3.56,3.54,430.62,221.14,58.02,5.69,76.78,28.69,43.06,0.43,236.99,151.89,45.99,11.67,2503.35,63.66,13.13,9.01,0.34,2.1,128.74,27.14,,17
Selayar,2015,262.5162294,17.49840205,79.03498439,16.92164703,93.89404659,99.66976225,9.039325591,156.1039699,16.28658987,750.9649571,1188.49,22.16,84.96,3.87,3.57,473.44,237.82,62.6,5.98,84.88,31.68,46.44,0.45,255.03,161.67,48.94,12.43,2724.4,64.32,12.94,8.83,0.35,0.9,130.08,31.86,,16.9
Selayar,2016,97.91868283,122.299123,20.35683524,12.69242483,8.429083993,305.6200271,157.1015432,17.87633422,137.6895894,879.9836438,1296.94,24.42,90.95,4.32,3.78,521.08,261.44,68.41,6.53,92.46,36.49,49.92,0.49,227.79,173.13,52.89,13.69,2924.72,64.95,13.11,7.35,0.34,0.9,131.27,35.46,,17.21
Selayar,2018,340.9469077,35.78147065,90.15636122,20.3221997,162.0247905,176.0132879,12.8461342,162.3705786,23.26932191,1023.731052,1501.93,27.94,99.65,4.9,4.44,624.29,297.72,83.22,8.54,110.41,40.39,56.27,0.58,278.14,202.32,64.8,17.14,3422.67,66.04,13.13,8.75,0.34,1.88,133.31,43.62,41.78,17.59
Selayar,2019,349.9018468,20.41810121,93.83717862,14.08396924,107.5382316,167.0076229,11.83298081,225.4129339,19.78683787,1009.819703,1616.63,29.13,118.68,5.1,4.85,648.26,324.34,95.13,10.07,125.29,42.87,58.43,0.64,295.64,218.13,71.61,20.88,3685.67,66.91,12.83,7.68,0.3,1.1,134.29,47.99,43.11,17.36
Selayar,2020,341.7236367,17.95996264,65.39269767,12.34093115,91.3195734,206.8571329,7.224921719,250.4447918,16.77172368,1010.035372,1501.47,29.55,118.44,5.48,5.51,661.28,322.96,77.05,8.88,139.5,44.68,64.47,0.57,306.42,233.89,80.21,19.84,3620.2,67.38,12.48,-1.78,0.36,2.44,137.07,46.73,37.94,17.04
Selayar,2021,313.1427652,21.38834974,123.9415595,18.27535533,8.999062599,251.2758507,6.821411361,259.8243658,19.90180963,1023.57053,1550.58,31.6,124.49,5.71,5.51,688.54,340.01,84.74,9.24,141.47,44.97,65.27,0.57,319.14,244.96,87.76,20.99,3765.56,67.76,12.45,4.02,0.35,2.81,138.16,49.47,42.07,16.93
Selayar,2022,297.0696097,26.55295117,156.0938946,21.2466421,22.3854093,222.8341191,7.531430308,232.6106827,12.39004917,998.7147881,1591.13,34.02,133.48,5.76,5.74,719.95,366.73,94.63,10.49,143.78,45.17,65.74,0.58,312.04,257.68,95.22,21.64,3903.8,68.35,12.24,3.67,0.35,1.49,139.66,53.56,39.37,16.74
Selayar,2023,306.258742,15.20702097,133.7478932,13.89438953,15.72642191,213.6094615,6.350501887,273.1322866,11.7467007,989.6734184,1643.05,35.22,138.53,6.21,5.75,744.81,384.71,99.21,11.03,153.05,46.46,68.95,0.6,318.64,268.07,100.31,22.77,4047.38,69.2,12.27,3.68,0.35,1.98,141.18,56.57,38.56,16.89
Selayar,2024,328.1484543,0,0,0,0,212.4998295,5.588718005,320.6510289,0,972.7699328,1665.77,35.2,146.21,6.44,5.79,760.5,406.5,101.61,11.71,160.46,47.59,71.53,0.64,344.33,282.98,109.64,25.44,4182.33,70.03,10.79,3.33,0.33,2.05,142.7,58.45,46.8,14.94
Selayar,2025,324.7064427,0,0,0,0,193.6666349,5.353263268,327.3049893,0,955.8213771,1720.33,35.47,156.77,6.45,5.93,779.41,430.74,107.79,12.52,165.64,50.16,74.85,0.67,365.39,293.79,115.4,27.59,4348.91,72.78,10.61,3.98,0.32,2.48,144.2,62.11,41.01,14.77
Sidrap,2014,148.6339715,6.298182925,41.33469143,20.02465806,149.9338344,108.9325246,0.1132843,323.634286,13.76260494,812.6680381,2740.82,355.42,1145.91,6.9,1.8,1133.05,783.88,143.17,47.41,204.59,237.2,333.8,8.06,422.18,298.98,109.94,74.37,8047.48,68.14,5.82,7.87,0.35,6.2,286.61,28.08,32.723,16.7
Sidrap,2015,224.392992,8.603283699,58.43945107,11.95820214,196.3967516,160.3711553,0.442896533,367.7025628,16.19091069,1044.498206,3102.91,441.34,1342.68,6.5,1.87,1322.84,887.81,187.93,54.97,227.61,275.68,387.15,9.35,512.12,333.39,129.25,85.9,9309.29,69,5.55,8.03,0.36,6.97,289.48,32.12,33.262,16.03
Sidrap,2016,57.04064809,214.4346553,5.712289084,13.35853468,0.335579187,224.6628244,356.2390157,28.87353054,300.2426188,1200.899696,3741.2,521.82,1545.49,7.4,2.04,1545.08,993.8,206.58,62.09,247.22,327.49,435.21,11.05,489.61,383.64,150.62,100.12,10770.43,69.39,5.45,8.77,0.38,6.97,292.13,36.66,33.801,15.92
Sidrap,2017,238.329541,11.24890665,59.74618576,385.7438092,5.4888162,227.2122589,0,357.7088893,13.26971051,1298.748117,4110.1,553.05,1698.89,9.09,2.35,1775.37,1109.26,220.6,70.24,269.79,357.93,478.2,12.26,539.89,429.19,166.18,112.49,11914.88,69.84,5.32,7.09,0.33,3.17,294.44,40.24,34.34,15.72
Sidrap,2018,271.786644,9.990105763,41.58145125,11.07061939,269.1043364,221.3998263,0,345.1137736,15.86097224,1185.907729,4187.38,618.68,1764.38,10,2.59,2070.56,1272.85,253.42,84.39,308.12,388.1,522.49,14.12,633.72,484.76,190.88,130.95,12937.37,70.6,5.16,5.02,0.34,4.7,296.68,43.25,33.23,15.41
Sidrap,2020,330.8265229,16.12193013,61.36411687,15.90827694,148.8113891,231.3715168,2.007223243,369.5069649,8.194602627,1184.112544,2504.91,348.68,1104.24,11.35,2,1307.73,928.29,169.01,57.38,326.14,264.89,351.53,9.39,436.7,348.45,143.53,86.85,8401.06,71.21,5.05,-0.59,0.35,5.91,319.99,44.12,36.96,15.36
Sidrap,2021,298.6749443,15.31121505,170.7409258,28.12773104,18.81500754,269.4414324,0,379.6942213,18.40229563,1199.207773,2639.79,382.99,1182.95,12.58,2.07,1390.23,991.09,179.5,63.88,346.56,282.94,362.38,9.79,415.77,358.81,152,92.73,8866.07,71.54,5.04,5.54,0.36,4.93,322.16,47.34,35.17,15.25
Sidrap,2022,299.4128973,10.92734649,170.9960081,20.96025593,38.94404978,261.4728812,3.209972455,358.1196847,3.826365622,1167.869462,2758.51,434.95,1434.8,14.79,2.29,1401.25,1128,210.8,78.11,384.15,270.55,411.9,11.21,411.7,381.64,159.87,107.19,9601.72,72.06,5.11,4.86,0.35,3.56,325.06,51.37,35.79,15.56
Sidrap,2023,302.671689,10.64236063,162.9270912,16.22141089,25.72708851,263.6797446,3.245472266,362.564365,3.403106899,1151.082329,2758.51,434.95,1434.8,14.79,2.29,1401.25,1128,210.8,78.11,384.15,270.55,411.9,11.21,411.7,381.64,159.87,107.19,9601.72,72.71,5.14,3.28,0.35,3.29,327.92,55.51,36.82,15.75
Sidrap,2024,335.2082366,0,0,0,0,318.3817317,0.690525036,408.5951706,0,1022.200264,2737.08,461.39,1502.32,15.48,2.47,1475.7,1199.8,225.28,82.09,413.58,275.84,436.51,12.58,448.6,404.97,175.1,121.49,9990.29,73.21,5.02,4.05,0.32,3.02,330.74,59.31,40.75,15.48
Sidrap,2025,337.2066089,0,0,0,0,315.5008878,2.313261169,400.0302425,0,998.1375419,3030.07,473.08,1676.23,15.54,2.47,1522.63,1271.38,240.93,92.29,437.62,289.16,470.59,13.3,477.21,428.86,183.17,135.66,10760.17,75.49,4.91,7.71,0.33,3.36,333.5,65.15,35.37,15.2
Sinjai,2014,173.7902889,7.142364054,50.16767129,12.49168792,95.20638548,135.9178595,1.976293197,277.4597172,7.519172435,761.6714399,2222.51,100.66,132.07,6.47,4.64,603.84,641.73,81.11,19.97,182.08,142.08,124.68,3.55,308.78,346.41,80.01,34.71,5035.3,63.83,9.56,6.98,0.38,0.9,236.5,27.42,22.78,22.6
Sinjai,2015,224.6237972,8.858926609,63.04325707,15.01215907,119.1348006,156.0421591,2.671620545,327.8012533,9.50011296,926.6880864,2393.76,111.49,140.62,6.36,4.67,646.21,691.45,85.2,21.11,196.77,153.59,132.45,3.7,331.39,373.1,86.44,37.06,5415.38,64.48,9.26,7.55,0.4,1.55,237.97,31.57,23.55,21.99
Sinjai,2016,89.06695596,199.1607057,9.565677729,7.003421933,0,280.1693572,351.3781527,9.209611867,175.0225494,1120.576433,2552.64,123.35,149.99,7.03,4.97,690.61,756.91,86.91,22.47,214.6,177.58,140.01,3.95,337.55,398.68,92.17,39.86,5799.31,65.36,9.41,7.09,0.43,1.55,239.51,34.61,24.31,22.51
Sinjai,2017,315.2827396,12.18099213,61.75089059,184.660326,7.251520291,201.6098904,4.703904415,316.9156427,13.70073286,1118.056639,2724.07,138.9,161.38,7.44,5.33,736.32,829,93.08,24.49,232.21,180.77,149.7,4.3,353.93,434.29,99.9,43.56,6218.64,65.8,9.24,7.23,0.38,4.53,240.86,37.89,25.08,22.25
Sinjai,2019,333.0638897,13.23904916,61.04782717,10.81623959,82.28938941,267.2360837,7.924942465,332.3115075,16.27866596,1124.207595,3004.24,158.61,184.2,8.25,6.09,812.04,1050.26,112.78,31.32,286.2,192.8,165.3,5.18,392.86,506.53,119.86,53.76,7090.28,67.05,9.14,6.12,0.35,2.17,243.32,45.05,27.76,22.27
Sinjai,2020,290.2882168,16.47799463,36.37705958,8.633877669,214.2837509,282.779961,6.349618566,329.0413203,13.51359926,1197.745399,2965.28,173.94,177.37,8.72,6.54,905.91,1022.71,102.97,27.89,325.47,202.76,169.58,4.72,399.26,527.18,132.35,47.59,7200.23,67.6,9,1.55,0.37,2.65,259.48,43.74,27.4,22.06
Sinjai,2021,268.4282973,15.16299897,76.87505492,0.08296696,130.7639273,330.4463003,3.128303466,362.4862026,21.02204418,1208.396096,3163.88,178.13,185.96,9.11,7.14,899.3,1075.42,110.32,29.3,375.76,227.54,173.77,4.93,400.93,535.4,149.65,50.31,7576.83,67.75,8.84,5.23,0.38,2.61,261.69,46.99,28.33,21.69
Sinjai,2022,265.2536843,27.06994542,154.5960669,16.94458507,18.668815,250.7466552,3.766929783,347.8516678,6.182371025,1091.08072,3351.96,166.96,202.83,9.3,7.04,890.2,1160.14,121.09,34.15,439.43,225.59,181.13,5.55,389.7,543,162.5,55.04,7945.62,68.33,8.8,4.87,0.36,1.8,264.62,51.13,29.02,21.67
Sinjai,2023,240.834326,17.98077827,203.4582459,9.891150679,14.14815606,252.4310238,3.792588757,385.6799579,6.457173299,1134.673401,3526.96,180.58,209.22,9.72,7.79,949.39,1239.75,136,37.16,473.75,210.11,193.36,6.35,404.58,574.97,178,61.75,8399.43,68.92,8.55,5.71,0.35,1.69,267.54,55.29,29.39,21.14
Sinjai,2024,288.457089,0,0,0,0,258.6596347,2.631107966,380.1978475,0,883.7858739,3720.3,177.67,222.6,9.99,7.97,1008.58,1322.77,148.15,41.4,527.64,203.65,202.34,7.03,402.05,590.69,191.73,67.14,8796.56,69.52,7.82,5.17,0.29,1.52,270.43,59.07,33.93,19.4
Sinjai,2025,274.6601033,1.408889654,0,4.90409186,0,219.6519964,2.963250612,391.7947251,0,846.9245262,3907.61,178.9,234.23,10.29,8.3,1067.77,1404.93,160.99,45.33,576.63,194.94,212.14,7.74,403.88,610.48,205.91,72.86,9207.86,72.76,7.41,6.05,0.33,2.1,273.3,64.46,28.1,18.44
Soppeng,2014,186.7158114,6.906601309,40.07603112,2.791898984,94.73228589,114.6401906,5.995269957,373.0622771,16.81877774,841.7391442,1429.53,151.3,496.64,6.2,3.06,610.3,670.91,138.29,76.1,164.74,143.88,252.75,10.69,333.13,274.03,87.1,33.54,4882.19,64.74,8.76,6.89,0.49,2.4,225.71,27.35,26.41,19.8
Soppeng,2015,238.2046259,13.24093287,54.5866313,7.077760995,151.3648282,157.2373658,6.98306361,347.8114233,20.95281723,997.4594492,1450.64,158.53,529.14,6.69,3.08,644.8,718.74,150.81,80.32,181.93,152,272.69,11.32,350.01,289.84,95.08,36.1,5131.72,65.33,8.36,5.11,0.44,2.96,226.06,30.27,27.17,18.88
Soppeng,2016,2.912510175,57.09967555,0.64294025,6.91538588,0.466236,12.08581548,19.9521136,2.971360558,64.58599181,167.6320293,1613.11,175.71,564.5,7.24,3.16,672.42,789.09,160.05,86.68,201.08,169.58,280.59,12.29,351.95,317.76,103.5,38.99,5547.69,65.95,8.45,8.11,0.4,2.96,226.87,34.89,27.94,19.12
Soppeng,2017,287.8871999,16.45933088,48.30549527,232.5081323,1.994632064,207.1830059,0,341.1739655,11.6185229,1147.130285,1757.02,189.23,621.78,7.62,3.39,728.66,860.58,172.64,95.68,225.2,174.71,290.11,13.25,369.22,342.2,113.58,42.58,6007.46,66.67,8.29,8.29,0.36,2.71,227.54,39.19,28.7,18.76
Soppeng,2018,257.6649615,20.85640063,57.01029537,11.28296366,219.4137889,221.8753628,7.200618871,345.0896378,12.00439557,1152.398425,1896.93,207.35,657.2,8.07,3.71,793.82,943.56,190.02,107.25,245.82,185.2,306.76,14.57,385.07,376.71,124.17,48.18,6494.39,67.6,7.5,8.11,0.36,2.66,228.15,44.12,28.25,17
Soppeng,2019,288.5070544,20.6729328,57.89894491,11.67571031,181.0959152,241.3196378,3.791557464,371.8677232,13.14328576,1189.972762,1946.89,228.34,710.99,8.63,3.92,876.61,1047.94,209.47,120.54,273.09,196.58,324.7,16.05,423.6,415.97,136.05,54.18,6993.53,68.26,7.25,7.69,0.39,3.24,228.69,47.83,33.47,16.45
Soppeng,2021,271.7094166,22.59108871,59.5692151,9.331332951,73.65447724,268.9096271,5.508071711,382.9961794,20.76735742,1115.036766,2017.7,246.97,753.02,9.76,4.38,1007.67,1092.25,216.8,131.96,341.95,222.31,351.63,16.75,440.35,511.91,166.01,54.57,7585.98,68.99,7.53,6.15,0.41,3.92,235.96,52.67,31.13,17.27
Soppeng,2022,866.2927946,8.5252564,272.7929023,8.612230453,6.516057602,91.8370058,0.510492386,98.09228333,2.64536317,1355.824386,2098.08,258.01,817.72,10.25,4.73,1109.34,1152.25,239.17,144.91,358.15,227.06,364.92,18.48,448.15,567.4,177.27,58.5,8054.42,69.7,7.49,6.18,0.39,3.4,237.12,57.95,33.91,17.21
Soppeng,2023,295.1994639,15.60512829,232.5876064,12.47167058,17.0301017,269.675318,0.42605585,384.9868754,9.346487869,1237.328708,2034.78,256.8,909.24,10.9,4.74,1179.79,1263.13,271.34,158.32,370.33,226.01,369.41,18.93,435.78,577.45,177.23,58.36,8322.53,70.58,7.48,3.33,0.39,4.34,238.24,62.58,35.85,17.21
Soppeng,2024,317.9125125,0,0,0,0,277.7063317,4.242450384,398.8672102,0,1007.927322,2125.25,268.96,955.72,11.23,4.62,1167.99,1343.13,284.48,158.46,392.75,236.75,388.9,19.93,439.21,619.5,182.29,61.5,8660.66,71.39,6.9,4.06,0.38,3.33,239.36,67.26,35.82,15.9
Soppeng,2025,329.6575361,0,0,0,0,278.0891772,1.701442454,399.8625582,0,1069.073293,2263.44,266.44,1017.78,11.68,4.5,1127.31,1410.2,306.2,171.86,419.16,255.16,412.73,19.93,449.49,677.06,197.33,63.32,9073.58,73.69,6.65,4.77,0.33,4.01,240.4,72.36,31.6,15.34
Takalar,2014,223.7497661,8.44609783,50.23526917,13.75526377,101.2980922,156.8039483,4.351892476,249.0301912,9.913822518,817.5843435,2130.33,71.53,279.91,8.21,2.74,322.28,618.79,139.16,15.38,178.38,59.28,275.95,0.33,307.88,68.32,58.52,11.63,4548.62,63.53,9.62,9.76,0.34,2.7,283.76,20.73,36.01,27.4
Takalar,2015,234.3310192,9.652287026,74.07453528,10.7691492,118.0297111,159.4377221,2.49747122,344.369112,11.13832374,964.2993308,2336.14,77.15,295.39,7.98,2.75,342.97,662.53,148.08,16.1,194.83,63.86,297.37,0.33,340.48,71.76,61.56,12.26,4931.54,64.07,9.48,8.42,0.38,4.04,286.6,23.78,36.38,27.12
Takalar,2016,70.79641901,237.6084355,11.84565528,18.01754054,1.560714,223.4487219,368.9161171,23.97503817,289.1767092,1245.345351,2589.74,84.19,312.94,8.82,2.82,373.53,725.74,159.25,17.43,214.53,71.92,321.93,0.34,370.48,74.82,63.86,12.99,5405.32,64.96,9.35,9.61,0.4,4.04,289,26.73,36.76,27.05
Takalar,2017,281.0577464,21.84570125,62.47630336,186.3965168,0,203.9161584,7.395894987,295.8014351,18.02540254,1076.915159,2774.42,91.44,328.42,9.38,3.01,408.52,790.54,172.96,19.05,236.23,76.33,349.72,0.37,382.85,79.82,66.79,14.09,5803.94,65.48,9.24,7.37,0.35,4.93,291.11,29.21,37.14,26.99
Takalar,2018,316.321548,10.4754359,58.55900008,19.05561937,120.4368254,237.5823211,6.913794359,330.6895866,12.25971232,1112.293843,2956.53,97.3,332.54,10.05,3.24,434.25,873.33,189.73,21.41,252.77,80.16,365.04,0.41,402.36,86.78,68.94,15.84,6190.67,66.07,9,6.66,0.36,3.88,293.14,31.51,33.26,26.57
Takalar,2019,349.4581578,10.29694489,56.9158602,30.15652637,116.5337767,238.5536171,6.720470917,325.9327697,12.23044927,1146.798573,3121.4,103.54,366.37,11.49,3.36,458.05,949.19,206.02,23.23,274.31,84.45,386.11,0.45,446.85,92.03,72.55,16.86,6616.25,66.94,8.7,6.87,0.48,3.78,295.08,34.42,45.07,25.93
Takalar,2020,313.4565528,14.11519887,63.33430138,12.35802592,26.20190583,262.9016435,0,274.5207783,20.88666176,987.7750683,3072.89,106.41,358.77,11.77,3.65,453.33,935.77,197.97,21.58,302.93,90.1,383.44,0.43,445.52,96.13,79.84,15.22,6575.76,67.31,8.44,-0.61,0.36,4.16,300.85,34.03,36.38,25.38
Takalar,2021,317.2671349,18.34033145,82.60384295,8.820847895,68.74482304,230.2908689,0,365.6191979,36.26091887,1127.947966,3297.61,109.76,366.41,12,3.86,465.14,975.04,204.25,22.36,313.53,96.58,387.56,0.43,450.18,100.69,87.17,15.47,6908.05,67.72,8.25,5.05,0.37,3.93,304.17,36.58,40.99,24.6
Takalar,2023,323.7638303,13.42490603,162.8906387,14.50893159,11.35893854,275.0500542,0.677051764,374.1986098,4.975574545,1180.848535,3543.31,120.58,409.99,12.76,4.35,513.27,1075.53,230.35,25.87,351.94,95.02,434.56,0.51,458.92,108.02,103.87,18.22,7507.06,68.9,8.29,3.86,0.37,3.58,312.81,41.14,39.79,25.01
Takalar,2024,354.0579066,0,0,0,0,286.9051494,0.9116372,374.5627396,0,976.2416666,3675.77,122.42,426.87,13.3,4.54,528.14,1132.75,245.35,27.7,374.63,96.35,459.95,0.52,478.44,115.7,109.66,20.83,7832.92,69.47,7.75,4.34,0.39,3.84,317.02,42.36,41.42,23.51
Takalar,2025,357.3062543,0,0,0,0,309.2847421,1.250163082,378.8524456,0,998.6919514,3883.55,130.73,435.68,13.69,4.68,534.2,1187.89,255.66,29.05,391.19,99.6,499.67,0.55,477.57,118.28,116.19,23.39,8201.59,72.79,7.27,4.71,0.34,3.76,321.1,44.81,39.96,22.17
Tana Toraja,2014,311.4708162,5.190282867,60.88493786,18.03911854,98.75806478,127.3869588,9.918376633,92.46021456,10.31707138,734.4258417,840.95,41.32,216.16,6.02,4.16,373.8,569.04,71.97,44.79,163.45,82.5,144.99,2.89,316.26,173.97,83.94,61.9,3198.12,65.08,12.77,6.8,0.4,3.3,227.59,18.79,11.65,29.1
Tana Toraja,2015,378.3266984,6.112955583,68.95195748,18.77274904,123.3721999,151.5227698,10.8816711,135.5512931,12.1622044,905.6544989,880.96,45.21,233.83,5.36,4.19,391.18,618.07,79.61,47.95,179.08,90.77,157.79,3.07,335.31,186.11,91.01,67.79,3417.3,65.75,12.46,6.85,0.37,3.99,228.78,21.43,12.67,28.59
Tana Toraja,2016,52.39296959,165.295915,6.84905878,9.290833966,10.37788862,218.6320195,197.5669314,10.03454477,160.241617,830.6817787,941.59,47.92,259.58,6.65,4.36,427.39,682.14,84.21,51.69,195.54,103.79,171.94,3.25,316.04,198.21,99.05,73.15,3666.48,66.25,12.36,7.29,0.31,3.99,230.89,23.72,13.7,28.42
Tana Toraja,2017,400.2574777,8.729490757,62.3097417,10.21439663,262.9393956,175.3957176,8.815888016,207.7492388,10.95830905,1147.369656,998.56,51.93,285.57,7.02,4.72,463.2,742.37,90.81,57.16,213.68,107.37,180.99,3.48,332.1,213.92,107.05,80.59,3940.52,66.82,12.62,7.47,0.32,5.6,232.74,26.15,14.72,29.18
Tana Toraja,2018,435.8480703,11.42771681,52.53645266,4.14806346,220.3821317,174.842637,8.73410494,203.6968539,10.83934756,1122.455378,1052.66,55.46,296.28,7.62,5.1,491.65,815.53,100.05,63.24,231.52,115.53,188.97,3.74,383.57,233.65,116.74,89.95,4251.26,67.66,12.75,7.89,0.37,3.07,234.53,29.31,19.71,29.65
Tana Toraja,2019,482.3216567,12.83317335,52.03723647,3.451766467,171.7359961,212.1024298,14.74680215,204.9627939,11.24090894,1165.432764,1049.56,59.84,343.52,8.18,5.38,539.02,889.16,111.03,68.4,256.81,121.62,203.89,3.96,415.42,254.6,128,99.8,4558.14,68.25,12.35,7.22,0.36,2.55,236.25,31.66,22.86,28.87
Tana Toraja,2021,432.0065862,10.3980164,47.161132,93.05463386,7.78821319,229.9195734,4.779556359,214.4012733,10.19253103,1049.701516,1105.43,59.54,352.25,9.22,5.98,535.69,944.99,111.64,66.96,306.71,127.71,230.38,3.98,388.77,279.79,152.76,99.19,4780.98,69.49,12.27,5.19,0.38,3.09,283.44,28.53,11.51,29.33
Tana Toraja,2022,399.0435504,8.616419368,189.8390102,8.646255051,29.05425269,192.6537592,13.7436618,150.622586,6.054259295,998.2737539,1110.52,62.17,385.3,10.9,6.4,552.62,1031.81,130.37,78.41,318.8,133.4,247.13,4.14,385.08,295.46,167.14,106.14,5025.78,69.88,12.18,5.12,0.36,2.32,286.45,30.57,17.08,29.31
Tana Toraja,2023,342.7572675,8.228973571,156.0928969,8.501488395,11.91876969,240.5150457,9.700176499,336.407632,6.249317714,1120.371568,1113.02,66.25,389.55,11.28,6.68,580.38,1098.91,140.2,81.34,342.44,142.04,263.05,4.44,371.49,299.5,181.91,117.08,5209.56,70.73,12.48,3.66,0.35,3.37,289.45,32.38,20.16,30.23
Tana Toraja,2024,437.2489019,0,0,0,0,246.7093832,6.993054216,347.3046627,0,1174.605837,1106.69,69.46,415.54,11.94,6.78,594.56,1200.37,147.51,88.49,369.52,150.95,278.17,4.36,402.18,313.74,189.51,130.66,5480.43,71.67,10.79,5.2,0.32,3.98,292.42,34.74,22.41,26.3
Tana Toraja,2025,392.6242425,0,0,0,0,252.0071194,9.453364286,408.307842,0,1209.940863,1211.82,66.84,446.08,12.07,7.31,592.44,1262.6,162.22,91.73,395.8,159.81,302.08,4.76,399.74,311.6,183.67,144.19,5754.77,72.77,10.54,5.01,0.32,3.44,295.4,36.98,28.27,25.82
Toraja Utara,2014,200.2274201,6.824428828,85.54556229,20.96540242,111.2078211,49.99902536,7.949343842,210.7978969,9.177775047,702.694676,710.91,25.83,224.97,5.8,6.02,507.95,749.17,141.15,75.25,174.14,116.16,181.56,2.55,190.43,265.36,82.04,51.07,3510.36,66.15,15.1,7.64,0.45,3.7,224,22.46,18.87,33.9
Toraja Utara,2015,293.1041935,10.07243984,79.32026049,15.08556258,106.0069206,74.3081379,8.712557159,210.4254428,11.89012261,808.9256374,717.09,29.87,241.85,5.59,6.04,573.11,825.52,162.21,84,190.5,128.88,190.1,2.69,210.23,271.7,88.43,54.99,3782.8,66.76,15.19,7.76,0.38,3.11,225.36,26.1,19.44,34.37
Toraja Utara,2016,62.01637075,75.9684736,7.87445504,7.047457964,7.074867478,320.5953779,209.0146084,11.33039267,156.5253126,857.4473163,746.29,35.91,268.99,6.23,6.18,608.83,929.35,177.5,94.25,212.22,149.46,200.07,2.88,204.05,290.62,96.06,56.83,4085.69,67.49,14.57,8.01,0.37,3.11,227.67,29.91,20.01,33.02
Toraja Utara,2017,54.58514517,2.858805242,11.44270601,10.96777253,8.933565062,11.11580043,0,26.75947234,2.295372464,128.9586392,767.94,43.31,301.81,6.59,6.48,645.98,1048.1,197.88,112.17,237.26,157.48,207.86,3.03,215.22,305.07,103.82,61.67,4421.68,67.9,14.41,8.22,0.41,4.24,229.71,33.8,20.58,32.85
Toraja Utara,2018,392.6582475,14.33897055,75.76210352,10.00068426,145.4264056,142.6919581,11.89612473,222.7051767,12.11261706,1027.592288,781.89,50.81,335.93,7,6.87,687.58,1136.7,216.17,128.28,265.53,168.47,217.77,3.36,257.26,325.56,119.31,70.04,4778.53,68.49,13.37,8.07,0.41,2.88,231.69,37.84,20.59,30.68
Toraja Utara,2019,409.7037063,14.7471896,76.65077208,10.82846777,162.7419714,135.0008789,12.90401251,254.6566812,15.50627168,1092.739951,794.32,61.05,368.6,7.85,7.2,740.16,1237.75,242.61,144.57,293.39,181.51,230.97,3.6,287.9,338.39,125.83,74.3,5140.01,69.23,12.41,7.56,0.38,2.86,233.6,41.08,24.19,28.64
Toraja Utara,2021,323.2689544,22.20073282,138.1985898,12.31632554,19.08534395,169.8073422,0,319.839525,12.41181095,1017.128625,831.01,62.55,375.75,8.58,8.35,738.64,1294.66,231.12,145.7,347.84,204.86,243.55,3.45,299.16,355,134.57,72.36,5357.13,69.75,11.99,4.05,0.372,2.61,264.44,39.12,23.35,28.39
Toraja Utara,2022,339.4687287,19.06267997,123.7955682,15.63701021,42.12114927,133.498296,2.254960514,318.5414744,7.752755005,1002.132622,878.67,61.35,416.84,8.85,9.56,746.14,1366.66,257.39,167.03,368.05,213.05,246.42,3.98,310.27,361.5,143.12,80.49,5639.38,70.36,11.65,5.27,0.356,1.99,268.88,42.07,21.46,27.79
Toraja Utara,2023,312.222553,8.835343034,102.7296693,5.574047588,27.80522991,141.8400744,0.622645814,367.1743428,6.672353303,973.4762591,894.67,63.41,428.18,9.4,10.01,771.74,1439.94,283.67,181.38,381.21,211.23,251.57,4.44,319.71,370.06,151.83,88.85,5861.32,71.23,12.12,3.94,0.348,2.6,273.34,45.03,19.85,29.14
Toraja Utara,2024,339.8015079,0,0,0,0,212.2450966,1.9895445,409.2883958,0,1231.316385,911.31,65.76,443.22,9.59,10.62,770.85,1518.29,299.16,188.54,405.3,223.16,266.1,4.42,360.8,391.91,159.09,96.23,6124.34,71.85,10.73,4.49,0.316,2.44,277.79,47.73,29.88,25.97
Toraja Utara,2025,330.8303757,0,0,0,0,241.2746229,1.356967595,455.7483257,0,1298.158851,976.35,67.48,475.92,9.88,10.72,799.38,1592.1,316.54,197.12,423.79,247.91,285.97,4.59,371.23,404.88,167.14,101.38,6452.38,73.24,10.05,5.36,0.285,2.01,282.2,50.63,24.35,24.48
Wajo,2014,333.0392831,2.654742406,77.86331356,17.35629189,177.8360074,132.6990691,1.0608177,301.4179068,23.04650143,1066.973933,4442.16,3100.09,468.86,9.6,4.25,1220.54,1821.24,412.1,41.75,185.21,313.1,424.44,14.31,522.49,443.01,179.71,52.52,13655.38,66.49,7.74,9.67,0.319,4.9,391.98,34.84,24.27,30.3
Wajo,2015,447.5885756,9.087111364,89.62895405,17.28841184,192.1058277,164.0411616,3.063586018,311.9294177,16.7367909,1251.469837,3358.02,2525.2,389.2,11.69,3.89,949.92,1651.37,358.06,35.97,193.51,256.91,352.15,12.06,432.77,362.04,135.6,43.3,11071.65,66.9,7.66,7.06,0.379,5.39,393.13,38.45,24.97,30.08
Wajo,2016,140.2957967,225.6902672,6.369873776,20.84764755,2.020915118,530.5350172,319.490337,26.86144279,255.8217293,1527.933027,3646.14,2410.22,419.52,12.39,4.02,1010.18,1796.89,376.06,38.73,211.62,303.16,375.28,13,427.36,389.63,146.17,47.04,23853.17,67.52,7.47,4.96,0.341,5.39,395.78,41.94,25.68,29.46
Wajo,2018,615.0303712,21.15389369,95.18015238,12.80012501,138.0882427,207.1312725,6.236304707,316.5405057,16.42569861,1428.586566,3931.12,2039.38,470.77,13.97,4.65,1135.4,2097.93,441.89,46.42,262.17,308.28,419.44,15.54,473.8,463.86,173.46,59.28,12357.35,68.57,7.5,1.08,0.369,3.79,400.26,47.15,30.89,29.73
Wajo,2019,541.040604,19.9268388,89.29219462,12.3735582,292.7572617,242.5765797,7.404807222,331.8678507,14.99823011,1552.237925,3861.95,2208.68,492.6,15.07,4.9,1177.05,2216.2,482.35,49.39,290.97,310.13,444.17,17.16,543.35,492.36,188.22,63.89,12858.45,69.05,6.91,4.06,0.347,3,402.32,49.31,27.95,27.48
Wajo,2020,534.0797274,23.30354171,61.58332645,6.725991327,185.3298223,259.6782548,0.697258,339.7609042,10.66234689,1421.821173,3883.96,2045.84,487.37,15.93,5.41,1169.63,2193.01,443.2,47.87,329.09,328.67,438.13,16.18,539.37,505.6,197.31,61.77,12708.31,69.15,6.95,-1.17,0.355,4.33,379.08,52.16,26.81,27.69
Wajo,2021,535.7516732,20.39551869,234.0164037,26.01606445,29.04368941,284.5646082,0,347.5916474,16.77737906,1494.156984,4116.95,2279.98,511.57,16.67,5.9,1205.42,2318.85,475.35,53.81,361.67,373.87,478,17.8,545.94,529.36,212.15,66,13569.28,69.62,6.46,6.77,0.361,4.32,381.2,58.55,27.21,26.22
Wajo,2022,520.2131382,13.35948024,181.4796485,13.18692251,30.20450692,288.5655132,0.79078375,321.9847566,7.932668111,1377.717418,4462.63,1998.06,548.61,17.47,6.13,1177.7,2455.66,513.75,59.97,379.75,375.16,496.16,16.57,534.7,558.21,219.28,71.98,13891.79,70.26,6.57,2.38,0.375,2.54,383.93,63.43,27.85,26.75
Wajo,2023,549.9994286,13.18543412,248.4090635,9.168880419,29.37785607,254.3469658,3.27203696,362.5663182,8.210353705,1478.536337,4260.85,2047.5,581.58,18.41,6.45,1202.96,2637.76,529.72,64.24,397.87,359.14,539.55,17.6,542.12,577.39,228.27,79.37,14090.79,71.1,6.73,1.43,0.362,2.1,386.54,63.61,28.37,27.54
Wajo,2024,593.9041002,0,0,0,0,383.0592179,0.343292467,420.6227417,0,1154.742249,4367.44,2160.91,610.37,19.17,6.83,1219.5,2783.63,547.89,71.49,419.91,359.83,570.26,18.06,571.4,651.08,256.2,93.17,14727.12,71.52,6.47,4.52,0.369,2.31,389.05,66.71,30.78,26.57
Wajo,2025,601.0279779,0,0,0,0,367.9503967,1.979310947,428.1100771,0,1146.931925,4680.6,2438.91,664.16,19.96,6.99,1299.8,2905.28,548.98,80.35,443.57,383.64,604.35,18.85,569.88,725.11,282.57,108.91,15781.92,74.72,5.86,7.16,0.356,3.47,391.5,73.46,36.57,24.15
